n,obj_coef,Method,Constraint,rel_risk
100,0,"StochOptForest
(apx-soln)",yes,1.4778434044902014
100,0,"StochOptForest
(apx-soln)",yes,1.4248252377146209
100,0,"StochOptForest
(apx-soln)",yes,1.420494938847335
100,0,"StochOptForest
(apx-soln)",yes,1.446127727382134
100,0,"StochOptForest
(apx-soln)",yes,1.4466212177968394
100,0,"StochOptForest
(apx-soln)",yes,1.3712133461631888
100,0,"StochOptForest
(apx-soln)",yes,1.590201209877877
100,0,"StochOptForest
(apx-soln)",yes,1.4467476851059942
100,0,"StochOptForest
(apx-soln)",yes,1.398705068701163
100,0,"StochOptForest
(apx-soln)",yes,1.5207252999310659
100,0,"StochOptForest
(apx-soln)",yes,1.417870705590191
100,0,"StochOptForest
(apx-soln)",yes,1.5066628316545718
100,0,"StochOptForest
(apx-soln)",yes,1.5463784253381054
100,0,"StochOptForest
(apx-soln)",yes,1.6412245760706585
100,0,"StochOptForest
(apx-soln)",yes,1.4263250213063527
100,0,"StochOptForest
(apx-soln)",yes,1.5506928071157529
100,0,"StochOptForest
(apx-soln)",yes,1.4659245387703406
100,0,"StochOptForest
(apx-soln)",yes,1.5695282764775251
100,0,"StochOptForest
(apx-soln)",yes,1.480329641958004
100,0,"StochOptForest
(apx-soln)",yes,1.4768181722365274
100,0,"StochOptForest
(apx-soln)",yes,1.4728399598398172
100,0,"StochOptForest
(apx-soln)",yes,1.5058729586966442
100,0,"StochOptForest
(apx-soln)",yes,1.5558360788967411
100,0,"StochOptForest
(apx-soln)",yes,1.5530960479046048
100,0,"StochOptForest
(apx-soln)",yes,1.4748639272498116
100,0,"StochOptForest
(apx-soln)",yes,1.415589720170912
100,0,"StochOptForest
(apx-soln)",yes,1.5347076128195734
100,0,"StochOptForest
(apx-soln)",yes,1.600862697639984
100,0,"StochOptForest
(apx-soln)",yes,1.6510979085099964
100,0,"StochOptForest
(apx-soln)",yes,1.509087823491786
100,0,"StochOptForest
(apx-soln)",yes,1.490919301504154
100,0,"StochOptForest
(apx-soln)",yes,1.6526189190282454
100,0,"StochOptForest
(apx-soln)",yes,1.443401567659216
100,0,"StochOptForest
(apx-soln)",yes,1.5103105861358819
100,0,"StochOptForest
(apx-soln)",yes,1.5888539668204273
100,0,"StochOptForest
(apx-soln)",yes,1.5425159446417387
100,0,"StochOptForest
(apx-soln)",yes,1.4509309860847115
100,0,"StochOptForest
(apx-soln)",yes,1.4297603223904678
100,0,"StochOptForest
(apx-soln)",yes,1.4513749161887908
100,0,"StochOptForest
(apx-soln)",yes,1.588185495448686
100,0,"StochOptForest
(apx-soln)",yes,1.5166101015892948
100,0,"StochOptForest
(apx-soln)",yes,1.5403719342008384
100,0,"StochOptForest
(apx-soln)",yes,1.4405976769677165
100,0,"StochOptForest
(apx-soln)",yes,1.580403269089715
100,0,"StochOptForest
(apx-soln)",yes,1.4547211884082427
100,0,"StochOptForest
(apx-soln)",yes,1.5676663004401366
100,0,"StochOptForest
(apx-soln)",yes,1.528494645239435
100,0,"StochOptForest
(apx-soln)",yes,1.50097499614418
100,0,"StochOptForest
(apx-soln)",yes,1.5797282404861541
100,0,"StochOptForest
(apx-soln)",yes,1.5382139205318328
100,0,"StochOptForest
(apx-soln)",no,1.476204284324609
100,0,"StochOptForest
(apx-soln)",no,1.4120582773208796
100,0,"StochOptForest
(apx-soln)",no,1.4112090305989045
100,0,"StochOptForest
(apx-soln)",no,1.447182472198458
100,0,"StochOptForest
(apx-soln)",no,1.4557327518620495
100,0,"StochOptForest
(apx-soln)",no,1.3972597472139066
100,0,"StochOptForest
(apx-soln)",no,1.576358445454135
100,0,"StochOptForest
(apx-soln)",no,1.4858556910120544
100,0,"StochOptForest
(apx-soln)",no,1.4540668992879233
100,0,"StochOptForest
(apx-soln)",no,1.473161552838077
100,0,"StochOptForest
(apx-soln)",no,1.4330403465667751
100,0,"StochOptForest
(apx-soln)",no,1.457231057880078
100,0,"StochOptForest
(apx-soln)",no,1.5913629542638017
100,0,"StochOptForest
(apx-soln)",no,1.709969061811916
100,0,"StochOptForest
(apx-soln)",no,1.4436431181029354
100,0,"StochOptForest
(apx-soln)",no,1.534773836245497
100,0,"StochOptForest
(apx-soln)",no,1.4692066001269335
100,0,"StochOptForest
(apx-soln)",no,1.6407441000591665
100,0,"StochOptForest
(apx-soln)",no,1.5152132143637291
100,0,"StochOptForest
(apx-soln)",no,1.5182403654967358
100,0,"StochOptForest
(apx-soln)",no,1.5151875564617474
100,0,"StochOptForest
(apx-soln)",no,1.49332595147661
100,0,"StochOptForest
(apx-soln)",no,1.5900069185504868
100,0,"StochOptForest
(apx-soln)",no,1.5515928106390724
100,0,"StochOptForest
(apx-soln)",no,1.4297585345931643
100,0,"StochOptForest
(apx-soln)",no,1.410035946528016
100,0,"StochOptForest
(apx-soln)",no,1.5463851498118482
100,0,"StochOptForest
(apx-soln)",no,1.58296106695228
100,0,"StochOptForest
(apx-soln)",no,1.684641764859309
100,0,"StochOptForest
(apx-soln)",no,1.4971186812883979
100,0,"StochOptForest
(apx-soln)",no,1.4934853695372496
100,0,"StochOptForest
(apx-soln)",no,1.605167581484709
100,0,"StochOptForest
(apx-soln)",no,1.4260923247356145
100,0,"StochOptForest
(apx-soln)",no,1.4720885300507969
100,0,"StochOptForest
(apx-soln)",no,1.6125123853652814
100,0,"StochOptForest
(apx-soln)",no,1.5339856901588442
100,0,"StochOptForest
(apx-soln)",no,1.5038791798955822
100,0,"StochOptForest
(apx-soln)",no,1.40801947032173
100,0,"StochOptForest
(apx-soln)",no,1.4800232552225712
100,0,"StochOptForest
(apx-soln)",no,1.5866538303274498
100,0,"StochOptForest
(apx-soln)",no,1.5668219470753586
100,0,"StochOptForest
(apx-soln)",no,1.5441102013888652
100,0,"StochOptForest
(apx-soln)",no,1.4317994921390151
100,0,"StochOptForest
(apx-soln)",no,1.6427556913332981
100,0,"StochOptForest
(apx-soln)",no,1.446243924697381
100,0,"StochOptForest
(apx-soln)",no,1.5956612684583595
100,0,"StochOptForest
(apx-soln)",no,1.6272488549529631
100,0,"StochOptForest
(apx-soln)",no,1.5516027190927604
100,0,"StochOptForest
(apx-soln)",no,1.5752677990491755
100,0,"StochOptForest
(apx-soln)",no,1.4971752243830525
100,0,"StochOptForest
(apx-risk)",yes,1.4630935082228727
100,0,"StochOptForest
(apx-risk)",yes,1.4090144941429736
100,0,"StochOptForest
(apx-risk)",yes,1.4034824721242147
100,0,"StochOptForest
(apx-risk)",yes,1.4509950502282791
100,0,"StochOptForest
(apx-risk)",yes,1.4444965146225526
100,0,"StochOptForest
(apx-risk)",yes,1.4423554090294126
100,0,"StochOptForest
(apx-risk)",yes,1.6007581475526034
100,0,"StochOptForest
(apx-risk)",yes,1.4299309782236962
100,0,"StochOptForest
(apx-risk)",yes,1.4566356665258364
100,0,"StochOptForest
(apx-risk)",yes,1.5216410750366423
100,0,"StochOptForest
(apx-risk)",yes,1.4416825202349801
100,0,"StochOptForest
(apx-risk)",yes,1.4913341488802054
100,0,"StochOptForest
(apx-risk)",yes,1.587905367571421
100,0,"StochOptForest
(apx-risk)",yes,1.6521752209181675
100,0,"StochOptForest
(apx-risk)",yes,1.4469699480072962
100,0,"StochOptForest
(apx-risk)",yes,1.5438997951059785
100,0,"StochOptForest
(apx-risk)",yes,1.4502765512368905
100,0,"StochOptForest
(apx-risk)",yes,1.5072296080378733
100,0,"StochOptForest
(apx-risk)",yes,1.4555008247641135
100,0,"StochOptForest
(apx-risk)",yes,1.5659008153003857
100,0,"StochOptForest
(apx-risk)",yes,1.451076417819058
100,0,"StochOptForest
(apx-risk)",yes,1.512919304001146
100,0,"StochOptForest
(apx-risk)",yes,1.4912672681923476
100,0,"StochOptForest
(apx-risk)",yes,1.5407389617754654
100,0,"StochOptForest
(apx-risk)",yes,1.4396534372818381
100,0,"StochOptForest
(apx-risk)",yes,1.3960300895654276
100,0,"StochOptForest
(apx-risk)",yes,1.5382048823721883
100,0,"StochOptForest
(apx-risk)",yes,1.5775035775135513
100,0,"StochOptForest
(apx-risk)",yes,1.6434269407437228
100,0,"StochOptForest
(apx-risk)",yes,1.4993290908400265
100,0,"StochOptForest
(apx-risk)",yes,1.4824605614514546
100,0,"StochOptForest
(apx-risk)",yes,1.6262249703435951
100,0,"StochOptForest
(apx-risk)",yes,1.433443543503821
100,0,"StochOptForest
(apx-risk)",yes,1.5121190089378302
100,0,"StochOptForest
(apx-risk)",yes,1.6455877939807104
100,0,"StochOptForest
(apx-risk)",yes,1.4704006142732426
100,0,"StochOptForest
(apx-risk)",yes,1.4157757479515443
100,0,"StochOptForest
(apx-risk)",yes,1.4220512668268936
100,0,"StochOptForest
(apx-risk)",yes,1.4219049661479193
100,0,"StochOptForest
(apx-risk)",yes,1.5905072663897921
100,0,"StochOptForest
(apx-risk)",yes,1.5481536393917041
100,0,"StochOptForest
(apx-risk)",yes,1.541753828290772
100,0,"StochOptForest
(apx-risk)",yes,1.4605298391324668
100,0,"StochOptForest
(apx-risk)",yes,1.5364881888661193
100,0,"StochOptForest
(apx-risk)",yes,1.4682748154838285
100,0,"StochOptForest
(apx-risk)",yes,1.594910121041849
100,0,"StochOptForest
(apx-risk)",yes,1.528240436933031
100,0,"StochOptForest
(apx-risk)",yes,1.5405630608557817
100,0,"StochOptForest
(apx-risk)",yes,1.5814182132384504
100,0,"StochOptForest
(apx-risk)",yes,1.516545038963585
100,0,"StochOptForest
(apx-risk)",no,1.4787262615813674
100,0,"StochOptForest
(apx-risk)",no,1.4009369881820846
100,0,"StochOptForest
(apx-risk)",no,1.410235482623094
100,0,"StochOptForest
(apx-risk)",no,1.440744965471328
100,0,"StochOptForest
(apx-risk)",no,1.4491666249037574
100,0,"StochOptForest
(apx-risk)",no,1.3919974029330233
100,0,"StochOptForest
(apx-risk)",no,1.5611713139837171
100,0,"StochOptForest
(apx-risk)",no,1.450274280769523
100,0,"StochOptForest
(apx-risk)",no,1.4433356593648694
100,0,"StochOptForest
(apx-risk)",no,1.4836686168173376
100,0,"StochOptForest
(apx-risk)",no,1.4266413255907204
100,0,"StochOptForest
(apx-risk)",no,1.4693441221423467
100,0,"StochOptForest
(apx-risk)",no,1.5800234486700422
100,0,"StochOptForest
(apx-risk)",no,1.706340153332572
100,0,"StochOptForest
(apx-risk)",no,1.4382700905149954
100,0,"StochOptForest
(apx-risk)",no,1.5372650283925675
100,0,"StochOptForest
(apx-risk)",no,1.4631209520438075
100,0,"StochOptForest
(apx-risk)",no,1.6231087451474993
100,0,"StochOptForest
(apx-risk)",no,1.5231474061433108
100,0,"StochOptForest
(apx-risk)",no,1.510142415290305
100,0,"StochOptForest
(apx-risk)",no,1.50822298879005
100,0,"StochOptForest
(apx-risk)",no,1.4974047937205057
100,0,"StochOptForest
(apx-risk)",no,1.6117113172064736
100,0,"StochOptForest
(apx-risk)",no,1.5525624897559978
100,0,"StochOptForest
(apx-risk)",no,1.438048660811623
100,0,"StochOptForest
(apx-risk)",no,1.4025133730497295
100,0,"StochOptForest
(apx-risk)",no,1.5561525500717774
100,0,"StochOptForest
(apx-risk)",no,1.5932344939790979
100,0,"StochOptForest
(apx-risk)",no,1.684360667419255
100,0,"StochOptForest
(apx-risk)",no,1.5016627067630148
100,0,"StochOptForest
(apx-risk)",no,1.5045266890654723
100,0,"StochOptForest
(apx-risk)",no,1.6137267650850537
100,0,"StochOptForest
(apx-risk)",no,1.4321141391811907
100,0,"StochOptForest
(apx-risk)",no,1.4623352254966397
100,0,"StochOptForest
(apx-risk)",no,1.6053690773101412
100,0,"StochOptForest
(apx-risk)",no,1.5492805618640613
100,0,"StochOptForest
(apx-risk)",no,1.5034103225772617
100,0,"StochOptForest
(apx-risk)",no,1.4120191860720868
100,0,"StochOptForest
(apx-risk)",no,1.4941898204782664
100,0,"StochOptForest
(apx-risk)",no,1.5876433010510407
100,0,"StochOptForest
(apx-risk)",no,1.569257906000216
100,0,"StochOptForest
(apx-risk)",no,1.5372320996441338
100,0,"StochOptForest
(apx-risk)",no,1.4339507870827959
100,0,"StochOptForest
(apx-risk)",no,1.6389084340739866
100,0,"StochOptForest
(apx-risk)",no,1.4567213367443874
100,0,"StochOptForest
(apx-risk)",no,1.584533653141231
100,0,"StochOptForest
(apx-risk)",no,1.634654031313259
100,0,"StochOptForest
(apx-risk)",no,1.536399546429558
100,0,"StochOptForest
(apx-risk)",no,1.5656748600971777
100,0,"StochOptForest
(apx-risk)",no,1.4905802090246154
100,0,RandSplitForest,no,1.4838396790935133
100,0,RandSplitForest,no,1.401030051945518
100,0,RandSplitForest,no,1.4138429948148077
100,0,RandSplitForest,no,1.4426204055710103
100,0,RandSplitForest,no,1.4585482263434155
100,0,RandSplitForest,no,1.3801344350850762
100,0,RandSplitForest,no,1.566518893298664
100,0,RandSplitForest,no,1.455492881353199
100,0,RandSplitForest,no,1.4536662150115116
100,0,RandSplitForest,no,1.4779646223567702
100,0,RandSplitForest,no,1.4298612215171982
100,0,RandSplitForest,no,1.502132706024011
100,0,RandSplitForest,no,1.5570109879816063
100,0,RandSplitForest,no,1.6861235855790966
100,0,RandSplitForest,no,1.4477353569013582
100,0,RandSplitForest,no,1.52457262856415
100,0,RandSplitForest,no,1.4677431220124642
100,0,RandSplitForest,no,1.6382674499987557
100,0,RandSplitForest,no,1.5199554143256284
100,0,RandSplitForest,no,1.5077465372924446
100,0,RandSplitForest,no,1.5091349423208635
100,0,RandSplitForest,no,1.5098499982740783
100,0,RandSplitForest,no,1.6251944239922924
100,0,RandSplitForest,no,1.5589520132718269
100,0,RandSplitForest,no,1.440412728956872
100,0,RandSplitForest,no,1.397613737309045
100,0,RandSplitForest,no,1.563155062922013
100,0,RandSplitForest,no,1.6002744100220727
100,0,RandSplitForest,no,1.6819994549281105
100,0,RandSplitForest,no,1.494598118822548
100,0,RandSplitForest,no,1.5043694175622584
100,0,RandSplitForest,no,1.6242456483424037
100,0,RandSplitForest,no,1.430588538650566
100,0,RandSplitForest,no,1.496460610273589
100,0,RandSplitForest,no,1.6293174864208504
100,0,RandSplitForest,no,1.56854249468189
100,0,RandSplitForest,no,1.5100647448174944
100,0,RandSplitForest,no,1.4115212341203325
100,0,RandSplitForest,no,1.5013268762449172
100,0,RandSplitForest,no,1.6052203567476244
100,0,RandSplitForest,no,1.5619419673722523
100,0,RandSplitForest,no,1.5326642824675454
100,0,RandSplitForest,no,1.4385584826230922
100,0,RandSplitForest,no,1.6449486749438798
100,0,RandSplitForest,no,1.4615608509008944
100,0,RandSplitForest,no,1.5750619614465058
100,0,RandSplitForest,no,1.6493330759503886
100,0,RandSplitForest,no,1.5554572543493055
100,0,RandSplitForest,no,1.5617362075580201
100,0,RandSplitForest,no,1.490449956288735
100,0,RandForest,no,1.4886668906997587
100,0,RandForest,no,1.4241003282081797
100,0,RandForest,no,1.420865927724674
100,0,RandForest,no,1.484060098903057
100,0,RandForest,no,1.4490626390175108
100,0,RandForest,no,1.4417530836262364
100,0,RandForest,no,1.608485709758317
100,0,RandForest,no,1.4944458446929807
100,0,RandForest,no,1.6134280795335434
100,0,RandForest,no,1.4751518771119914
100,0,RandForest,no,1.4572127034432485
100,0,RandForest,no,1.5059704873740116
100,0,RandForest,no,1.6317815502261757
100,0,RandForest,no,1.71240556245623
100,0,RandForest,no,1.417954446161209
100,0,RandForest,no,1.546692778038686
100,0,RandForest,no,1.4662372009790612
100,0,RandForest,no,1.5949289840202783
100,0,RandForest,no,1.548831551081063
100,0,RandForest,no,1.5851794066596456
100,0,RandForest,no,1.4979832527971495
100,0,RandForest,no,1.5220932611260707
100,0,RandForest,no,1.5517371332014191
100,0,RandForest,no,1.5426139942491301
100,0,RandForest,no,1.4664757261871868
100,0,RandForest,no,1.4298059504803957
100,0,RandForest,no,1.5393615833282648
100,0,RandForest,no,1.5680271683275167
100,0,RandForest,no,1.636045717351741
100,0,RandForest,no,1.4909553979060286
100,0,RandForest,no,1.5064351512293204
100,0,RandForest,no,1.6193010458271062
100,0,RandForest,no,1.4373981513537857
100,0,RandForest,no,1.53640367937597
100,0,RandForest,no,1.6175754608182757
100,0,RandForest,no,1.529653056746004
100,0,RandForest,no,1.436537156555036
100,0,RandForest,no,1.4299910348468905
100,0,RandForest,no,1.4488044695818953
100,0,RandForest,no,1.5965304962003006
100,0,RandForest,no,1.5604545877855587
100,0,RandForest,no,1.5540256490400894
100,0,RandForest,no,1.4216675740619102
100,0,RandForest,no,1.5369547697967396
100,0,RandForest,no,1.4570482694788904
100,0,RandForest,no,1.5727743875989504
100,0,RandForest,no,1.5728543600001874
100,0,RandForest,no,1.4762482853905612
100,0,RandForest,no,1.5857081153987933
100,0,RandForest,no,1.5216455165982021
200,0,"StochOptForest
(apx-soln)",yes,1.5583087311466306
200,0,"StochOptForest
(apx-soln)",yes,1.3404179281308164
200,0,"StochOptForest
(apx-soln)",yes,1.4102928271650292
200,0,"StochOptForest
(apx-soln)",yes,1.4122797324358718
200,0,"StochOptForest
(apx-soln)",yes,1.3855176640779034
200,0,"StochOptForest
(apx-soln)",yes,1.3912515721645038
200,0,"StochOptForest
(apx-soln)",yes,1.6503405044466604
200,0,"StochOptForest
(apx-soln)",yes,1.3705964549368923
200,0,"StochOptForest
(apx-soln)",yes,1.3601540229803337
200,0,"StochOptForest
(apx-soln)",yes,1.549207826681809
200,0,"StochOptForest
(apx-soln)",yes,1.3825139507326085
200,0,"StochOptForest
(apx-soln)",yes,1.6763052882008918
200,0,"StochOptForest
(apx-soln)",yes,1.5989984198974592
200,0,"StochOptForest
(apx-soln)",yes,1.490640834695717
200,0,"StochOptForest
(apx-soln)",yes,1.4514459475564707
200,0,"StochOptForest
(apx-soln)",yes,1.4732162161689475
200,0,"StochOptForest
(apx-soln)",yes,1.3936039335749815
200,0,"StochOptForest
(apx-soln)",yes,1.4504714514413068
200,0,"StochOptForest
(apx-soln)",yes,1.440519840562931
200,0,"StochOptForest
(apx-soln)",yes,1.5747891239732323
200,0,"StochOptForest
(apx-soln)",yes,1.4044946749279192
200,0,"StochOptForest
(apx-soln)",yes,1.6381625565635394
200,0,"StochOptForest
(apx-soln)",yes,1.4764787443175613
200,0,"StochOptForest
(apx-soln)",yes,1.3697152759261007
200,0,"StochOptForest
(apx-soln)",yes,1.4343673728264497
200,0,"StochOptForest
(apx-soln)",yes,1.4750067791846355
200,0,"StochOptForest
(apx-soln)",yes,1.3613744896700075
200,0,"StochOptForest
(apx-soln)",yes,1.3981161421953863
200,0,"StochOptForest
(apx-soln)",yes,1.4639184015758764
200,0,"StochOptForest
(apx-soln)",yes,1.386164883913395
200,0,"StochOptForest
(apx-soln)",yes,1.4897787144887331
200,0,"StochOptForest
(apx-soln)",yes,1.3823701226513843
200,0,"StochOptForest
(apx-soln)",yes,1.3187608138290643
200,0,"StochOptForest
(apx-soln)",yes,1.3575393412765584
200,0,"StochOptForest
(apx-soln)",yes,1.4691827057785345
200,0,"StochOptForest
(apx-soln)",yes,1.4287643553474998
200,0,"StochOptForest
(apx-soln)",yes,1.4567281568309334
200,0,"StochOptForest
(apx-soln)",yes,1.5646912748422452
200,0,"StochOptForest
(apx-soln)",yes,1.2865645734845663
200,0,"StochOptForest
(apx-soln)",yes,1.3129011720157315
200,0,"StochOptForest
(apx-soln)",yes,1.5187171064536604
200,0,"StochOptForest
(apx-soln)",yes,1.4145682268740363
200,0,"StochOptForest
(apx-soln)",yes,1.4098991964835008
200,0,"StochOptForest
(apx-soln)",yes,1.4088464684425726
200,0,"StochOptForest
(apx-soln)",yes,1.3379720103522474
200,0,"StochOptForest
(apx-soln)",yes,1.4628970846304286
200,0,"StochOptForest
(apx-soln)",yes,1.4264474781325616
200,0,"StochOptForest
(apx-soln)",yes,1.4691805764117736
200,0,"StochOptForest
(apx-soln)",yes,1.4117026356349405
200,0,"StochOptForest
(apx-soln)",yes,1.3110439033309143
200,0,"StochOptForest
(apx-soln)",no,1.6133966492808656
200,0,"StochOptForest
(apx-soln)",no,1.3754154089887798
200,0,"StochOptForest
(apx-soln)",no,1.4664919625194681
200,0,"StochOptForest
(apx-soln)",no,1.4575031100296154
200,0,"StochOptForest
(apx-soln)",no,1.4584492490693306
200,0,"StochOptForest
(apx-soln)",no,1.4156226260304328
200,0,"StochOptForest
(apx-soln)",no,1.7260112314924143
200,0,"StochOptForest
(apx-soln)",no,1.4035880641339167
200,0,"StochOptForest
(apx-soln)",no,1.4036240045682842
200,0,"StochOptForest
(apx-soln)",no,1.5691581031027926
200,0,"StochOptForest
(apx-soln)",no,1.4151474447113774
200,0,"StochOptForest
(apx-soln)",no,1.7471238704517242
200,0,"StochOptForest
(apx-soln)",no,1.5900822444571976
200,0,"StochOptForest
(apx-soln)",no,1.4748772270077455
200,0,"StochOptForest
(apx-soln)",no,1.4426870756233687
200,0,"StochOptForest
(apx-soln)",no,1.4805780394257442
200,0,"StochOptForest
(apx-soln)",no,1.4407826468901552
200,0,"StochOptForest
(apx-soln)",no,1.4774565533156045
200,0,"StochOptForest
(apx-soln)",no,1.482826520968685
200,0,"StochOptForest
(apx-soln)",no,1.5972405813070656
200,0,"StochOptForest
(apx-soln)",no,1.4148221594536214
200,0,"StochOptForest
(apx-soln)",no,1.6434641629215632
200,0,"StochOptForest
(apx-soln)",no,1.5532890224988996
200,0,"StochOptForest
(apx-soln)",no,1.4099699848183016
200,0,"StochOptForest
(apx-soln)",no,1.442288012410198
200,0,"StochOptForest
(apx-soln)",no,1.5078468283304698
200,0,"StochOptForest
(apx-soln)",no,1.3766869589177837
200,0,"StochOptForest
(apx-soln)",no,1.416660471997478
200,0,"StochOptForest
(apx-soln)",no,1.5842771623168914
200,0,"StochOptForest
(apx-soln)",no,1.4304083479770822
200,0,"StochOptForest
(apx-soln)",no,1.615186027179978
200,0,"StochOptForest
(apx-soln)",no,1.5323252054729133
200,0,"StochOptForest
(apx-soln)",no,1.531925622528628
200,0,"StochOptForest
(apx-soln)",no,1.41848946437088
200,0,"StochOptForest
(apx-soln)",no,1.478288603907781
200,0,"StochOptForest
(apx-soln)",no,1.5387696757889382
200,0,"StochOptForest
(apx-soln)",no,1.481766918229298
200,0,"StochOptForest
(apx-soln)",no,1.6078393568551854
200,0,"StochOptForest
(apx-soln)",no,1.3756912476580367
200,0,"StochOptForest
(apx-soln)",no,1.3928674579292912
200,0,"StochOptForest
(apx-soln)",no,1.4921279612449831
200,0,"StochOptForest
(apx-soln)",no,1.4204127751633373
200,0,"StochOptForest
(apx-soln)",no,1.4206329471659869
200,0,"StochOptForest
(apx-soln)",no,1.6456621438290582
200,0,"StochOptForest
(apx-soln)",no,1.441891627171064
200,0,"StochOptForest
(apx-soln)",no,1.4924860431119358
200,0,"StochOptForest
(apx-soln)",no,1.457689520630332
200,0,"StochOptForest
(apx-soln)",no,1.484320237314514
200,0,"StochOptForest
(apx-soln)",no,1.539847274581449
200,0,"StochOptForest
(apx-soln)",no,1.5727346030669724
200,0,"StochOptForest
(apx-risk)",yes,1.5360776233413311
200,0,"StochOptForest
(apx-risk)",yes,1.3186429624907383
200,0,"StochOptForest
(apx-risk)",yes,1.4909868126591082
200,0,"StochOptForest
(apx-risk)",yes,1.3480072070096827
200,0,"StochOptForest
(apx-risk)",yes,1.3907263385384385
200,0,"StochOptForest
(apx-risk)",yes,1.3894138523865625
200,0,"StochOptForest
(apx-risk)",yes,1.626081298631023
200,0,"StochOptForest
(apx-risk)",yes,1.364949526052319
200,0,"StochOptForest
(apx-risk)",yes,1.3510377610139677
200,0,"StochOptForest
(apx-risk)",yes,1.5086543239413686
200,0,"StochOptForest
(apx-risk)",yes,1.3523726496081023
200,0,"StochOptForest
(apx-risk)",yes,1.6576692376017343
200,0,"StochOptForest
(apx-risk)",yes,1.5371900791397821
200,0,"StochOptForest
(apx-risk)",yes,1.4056109176523808
200,0,"StochOptForest
(apx-risk)",yes,1.4493760444649544
200,0,"StochOptForest
(apx-risk)",yes,1.4551022011910228
200,0,"StochOptForest
(apx-risk)",yes,1.3400613079456496
200,0,"StochOptForest
(apx-risk)",yes,1.4770539604918034
200,0,"StochOptForest
(apx-risk)",yes,1.4067231892436016
200,0,"StochOptForest
(apx-risk)",yes,1.5287741973677353
200,0,"StochOptForest
(apx-risk)",yes,1.412314603055305
200,0,"StochOptForest
(apx-risk)",yes,1.605670894317808
200,0,"StochOptForest
(apx-risk)",yes,1.4574694675824091
200,0,"StochOptForest
(apx-risk)",yes,1.374623290779235
200,0,"StochOptForest
(apx-risk)",yes,1.453972612694248
200,0,"StochOptForest
(apx-risk)",yes,1.4731752937738596
200,0,"StochOptForest
(apx-risk)",yes,1.3723049291601839
200,0,"StochOptForest
(apx-risk)",yes,1.393047368305109
200,0,"StochOptForest
(apx-risk)",yes,1.4084405763902725
200,0,"StochOptForest
(apx-risk)",yes,1.353763715448503
200,0,"StochOptForest
(apx-risk)",yes,1.387923368128119
200,0,"StochOptForest
(apx-risk)",yes,1.4003013073672348
200,0,"StochOptForest
(apx-risk)",yes,1.2434343643558394
200,0,"StochOptForest
(apx-risk)",yes,1.3546508376549662
200,0,"StochOptForest
(apx-risk)",yes,1.3901249217974683
200,0,"StochOptForest
(apx-risk)",yes,1.4057037719819343
200,0,"StochOptForest
(apx-risk)",yes,1.47391928573302
200,0,"StochOptForest
(apx-risk)",yes,1.5377369324311816
200,0,"StochOptForest
(apx-risk)",yes,1.3041309271472357
200,0,"StochOptForest
(apx-risk)",yes,1.3213364727155434
200,0,"StochOptForest
(apx-risk)",yes,1.4848497518655404
200,0,"StochOptForest
(apx-risk)",yes,1.4069344463996045
200,0,"StochOptForest
(apx-risk)",yes,1.3939753185376045
200,0,"StochOptForest
(apx-risk)",yes,1.396462776077486
200,0,"StochOptForest
(apx-risk)",yes,1.34676082430844
200,0,"StochOptForest
(apx-risk)",yes,1.4008633483732515
200,0,"StochOptForest
(apx-risk)",yes,1.386571509294031
200,0,"StochOptForest
(apx-risk)",yes,1.4505918727845182
200,0,"StochOptForest
(apx-risk)",yes,1.325039683632302
200,0,"StochOptForest
(apx-risk)",yes,1.3917105850300124
200,0,"StochOptForest
(apx-risk)",no,1.6048940829654998
200,0,"StochOptForest
(apx-risk)",no,1.3719518409386282
200,0,"StochOptForest
(apx-risk)",no,1.4713318003870601
200,0,"StochOptForest
(apx-risk)",no,1.4715174417440406
200,0,"StochOptForest
(apx-risk)",no,1.418514596676035
200,0,"StochOptForest
(apx-risk)",no,1.441782381154166
200,0,"StochOptForest
(apx-risk)",no,1.711276323669549
200,0,"StochOptForest
(apx-risk)",no,1.4050601892042192
200,0,"StochOptForest
(apx-risk)",no,1.3990956151306364
200,0,"StochOptForest
(apx-risk)",no,1.584703690937759
200,0,"StochOptForest
(apx-risk)",no,1.4138525083721405
200,0,"StochOptForest
(apx-risk)",no,1.7213938924845282
200,0,"StochOptForest
(apx-risk)",no,1.5874290552772787
200,0,"StochOptForest
(apx-risk)",no,1.4732417122806825
200,0,"StochOptForest
(apx-risk)",no,1.4310156098367484
200,0,"StochOptForest
(apx-risk)",no,1.4659248942929002
200,0,"StochOptForest
(apx-risk)",no,1.43261440425752
200,0,"StochOptForest
(apx-risk)",no,1.471417573738964
200,0,"StochOptForest
(apx-risk)",no,1.4684804916086394
200,0,"StochOptForest
(apx-risk)",no,1.6083563092012367
200,0,"StochOptForest
(apx-risk)",no,1.419271517077771
200,0,"StochOptForest
(apx-risk)",no,1.656886699363906
200,0,"StochOptForest
(apx-risk)",no,1.5561917757499781
200,0,"StochOptForest
(apx-risk)",no,1.3952241521352942
200,0,"StochOptForest
(apx-risk)",no,1.4535093152957266
200,0,"StochOptForest
(apx-risk)",no,1.510276181513501
200,0,"StochOptForest
(apx-risk)",no,1.3784422742701163
200,0,"StochOptForest
(apx-risk)",no,1.4130961717417712
200,0,"StochOptForest
(apx-risk)",no,1.5893047910228748
200,0,"StochOptForest
(apx-risk)",no,1.4077879072626251
200,0,"StochOptForest
(apx-risk)",no,1.60897610584124
200,0,"StochOptForest
(apx-risk)",no,1.4996320925071118
200,0,"StochOptForest
(apx-risk)",no,1.517529046329013
200,0,"StochOptForest
(apx-risk)",no,1.4006209340205555
200,0,"StochOptForest
(apx-risk)",no,1.4617346240852045
200,0,"StochOptForest
(apx-risk)",no,1.5046649138389219
200,0,"StochOptForest
(apx-risk)",no,1.4740837473389792
200,0,"StochOptForest
(apx-risk)",no,1.6079060525053384
200,0,"StochOptForest
(apx-risk)",no,1.3716552830895072
200,0,"StochOptForest
(apx-risk)",no,1.3645329574630702
200,0,"StochOptForest
(apx-risk)",no,1.4962524412500433
200,0,"StochOptForest
(apx-risk)",no,1.4087551431696588
200,0,"StochOptForest
(apx-risk)",no,1.4281763004676091
200,0,"StochOptForest
(apx-risk)",no,1.6459275748903004
200,0,"StochOptForest
(apx-risk)",no,1.4167037861099243
200,0,"StochOptForest
(apx-risk)",no,1.480959903669022
200,0,"StochOptForest
(apx-risk)",no,1.4544819593116853
200,0,"StochOptForest
(apx-risk)",no,1.486492989541998
200,0,"StochOptForest
(apx-risk)",no,1.5428706743125276
200,0,"StochOptForest
(apx-risk)",no,1.5391993089458589
200,0,RandSplitForest,no,1.6190503474504667
200,0,RandSplitForest,no,1.3920326040284032
200,0,RandSplitForest,no,1.4620464810013853
200,0,RandSplitForest,no,1.4843349806695136
200,0,RandSplitForest,no,1.4324887490459821
200,0,RandSplitForest,no,1.4237108122964564
200,0,RandSplitForest,no,1.7258858547698093
200,0,RandSplitForest,no,1.41504705175595
200,0,RandSplitForest,no,1.40584147899108
200,0,RandSplitForest,no,1.5759715293070908
200,0,RandSplitForest,no,1.400795040426131
200,0,RandSplitForest,no,1.735114726721688
200,0,RandSplitForest,no,1.59877127048268
200,0,RandSplitForest,no,1.469279785267869
200,0,RandSplitForest,no,1.431401354237993
200,0,RandSplitForest,no,1.471434787060891
200,0,RandSplitForest,no,1.4289413280601062
200,0,RandSplitForest,no,1.4847173719168778
200,0,RandSplitForest,no,1.487325228463459
200,0,RandSplitForest,no,1.6215583056230605
200,0,RandSplitForest,no,1.4190768735742776
200,0,RandSplitForest,no,1.6536136268753696
200,0,RandSplitForest,no,1.5547355613392373
200,0,RandSplitForest,no,1.4150982320439454
200,0,RandSplitForest,no,1.4583305828843705
200,0,RandSplitForest,no,1.5136389614908268
200,0,RandSplitForest,no,1.3844249987815405
200,0,RandSplitForest,no,1.4219056171001352
200,0,RandSplitForest,no,1.5820704594551889
200,0,RandSplitForest,no,1.4268540374266072
200,0,RandSplitForest,no,1.6024214232207568
200,0,RandSplitForest,no,1.5201858065857141
200,0,RandSplitForest,no,1.5442738095600343
200,0,RandSplitForest,no,1.4269849400018138
200,0,RandSplitForest,no,1.4919346195298109
200,0,RandSplitForest,no,1.5380921593842436
200,0,RandSplitForest,no,1.4678492934416782
200,0,RandSplitForest,no,1.5986859760214147
200,0,RandSplitForest,no,1.3862135013377086
200,0,RandSplitForest,no,1.3929035904389935
200,0,RandSplitForest,no,1.4896226345021726
200,0,RandSplitForest,no,1.4164627813617667
200,0,RandSplitForest,no,1.435905320648797
200,0,RandSplitForest,no,1.6372563798136412
200,0,RandSplitForest,no,1.4284960371245146
200,0,RandSplitForest,no,1.4963411667659812
200,0,RandSplitForest,no,1.4444746570615483
200,0,RandSplitForest,no,1.4872959292970507
200,0,RandSplitForest,no,1.5522095707122148
200,0,RandSplitForest,no,1.562447816209183
200,0,RandForest,no,1.5659684352602006
200,0,RandForest,no,1.398453943878008
200,0,RandForest,no,1.4763228820744303
200,0,RandForest,no,1.4326271544272242
200,0,RandForest,no,1.4650191142134217
200,0,RandForest,no,1.4015797111479231
200,0,RandForest,no,1.6256841393314139
200,0,RandForest,no,1.3926687043522914
200,0,RandForest,no,1.3900025514702983
200,0,RandForest,no,1.5292343105392439
200,0,RandForest,no,1.4350588232006785
200,0,RandForest,no,1.662397933652728
200,0,RandForest,no,1.5704838213500512
200,0,RandForest,no,1.4665844060824231
200,0,RandForest,no,1.505616069187326
200,0,RandForest,no,1.4928695600690287
200,0,RandForest,no,1.4453594210373577
200,0,RandForest,no,1.512290719284091
200,0,RandForest,no,1.4749071809058036
200,0,RandForest,no,1.5432123164553704
200,0,RandForest,no,1.4117224776589676
200,0,RandForest,no,1.6193452303237388
200,0,RandForest,no,1.4830635767605298
200,0,RandForest,no,1.400460560007917
200,0,RandForest,no,1.4649790933758222
200,0,RandForest,no,1.451961875841786
200,0,RandForest,no,1.4031184977518443
200,0,RandForest,no,1.4125977616514807
200,0,RandForest,no,1.4919144619299807
200,0,RandForest,no,1.4453205453930889
200,0,RandForest,no,1.5572809689293847
200,0,RandForest,no,1.4795860130934069
200,0,RandForest,no,1.4586317857135864
200,0,RandForest,no,1.3727297103256462
200,0,RandForest,no,1.472434189401847
200,0,RandForest,no,1.5404525912824647
200,0,RandForest,no,1.5081097789507205
200,0,RandForest,no,1.583762393812204
200,0,RandForest,no,1.3456203838606977
200,0,RandForest,no,1.3841622715885815
200,0,RandForest,no,1.5022999324398532
200,0,RandForest,no,1.422584704602866
200,0,RandForest,no,1.408636815886983
200,0,RandForest,no,1.4678149244909877
200,0,RandForest,no,1.450243690259239
200,0,RandForest,no,1.4583310905692901
200,0,RandForest,no,1.4518050365477089
200,0,RandForest,no,1.5202938657752156
200,0,RandForest,no,1.3660375201986048
200,0,RandForest,no,1.457289229481457
400,0,"StochOptForest
(apx-soln)",yes,1.290528741738438
400,0,"StochOptForest
(apx-soln)",yes,1.3586792542366828
400,0,"StochOptForest
(apx-soln)",yes,1.2759986806046457
400,0,"StochOptForest
(apx-soln)",yes,1.4874902767909697
400,0,"StochOptForest
(apx-soln)",yes,1.3281305211456766
400,0,"StochOptForest
(apx-soln)",yes,1.251198737457622
400,0,"StochOptForest
(apx-soln)",yes,1.3274308944320572
400,0,"StochOptForest
(apx-soln)",yes,1.2609940511795563
400,0,"StochOptForest
(apx-soln)",yes,1.29080398762364
400,0,"StochOptForest
(apx-soln)",yes,1.3739022730288535
400,0,"StochOptForest
(apx-soln)",yes,1.2744408401567038
400,0,"StochOptForest
(apx-soln)",yes,1.3678823186502282
400,0,"StochOptForest
(apx-soln)",yes,1.36495928964692
400,0,"StochOptForest
(apx-soln)",yes,1.2411074273725582
400,0,"StochOptForest
(apx-soln)",yes,1.1568585354880296
400,0,"StochOptForest
(apx-soln)",yes,1.2925813658696639
400,0,"StochOptForest
(apx-soln)",yes,1.2893303361614747
400,0,"StochOptForest
(apx-soln)",yes,1.339752689823271
400,0,"StochOptForest
(apx-soln)",yes,1.2286959186253994
400,0,"StochOptForest
(apx-soln)",yes,1.2918079335975565
400,0,"StochOptForest
(apx-soln)",yes,1.27078311977725
400,0,"StochOptForest
(apx-soln)",yes,1.3227682016118019
400,0,"StochOptForest
(apx-soln)",yes,1.3250331079219106
400,0,"StochOptForest
(apx-soln)",yes,1.2255945274671687
400,0,"StochOptForest
(apx-soln)",yes,1.2546861836116419
400,0,"StochOptForest
(apx-soln)",yes,1.3069018795990621
400,0,"StochOptForest
(apx-soln)",yes,1.2897258984306461
400,0,"StochOptForest
(apx-soln)",yes,1.3745046192170634
400,0,"StochOptForest
(apx-soln)",yes,1.2645717818192896
400,0,"StochOptForest
(apx-soln)",yes,1.1598273992781971
400,0,"StochOptForest
(apx-soln)",yes,1.1983654749977306
400,0,"StochOptForest
(apx-soln)",yes,1.1024188331074793
400,0,"StochOptForest
(apx-soln)",yes,1.3534255242391775
400,0,"StochOptForest
(apx-soln)",yes,1.2698707992255764
400,0,"StochOptForest
(apx-soln)",yes,1.2476604963015345
400,0,"StochOptForest
(apx-soln)",yes,1.2936909606468172
400,0,"StochOptForest
(apx-soln)",yes,1.2859610259454546
400,0,"StochOptForest
(apx-soln)",yes,1.3352779689189467
400,0,"StochOptForest
(apx-soln)",yes,1.3745878636497701
400,0,"StochOptForest
(apx-soln)",yes,1.2537182227974593
400,0,"StochOptForest
(apx-soln)",yes,1.2892454737467007
400,0,"StochOptForest
(apx-soln)",yes,1.1418764098506966
400,0,"StochOptForest
(apx-soln)",yes,1.1606948505691785
400,0,"StochOptForest
(apx-soln)",yes,1.2931114028077624
400,0,"StochOptForest
(apx-soln)",yes,1.3796424209889055
400,0,"StochOptForest
(apx-soln)",yes,1.3814711908527593
400,0,"StochOptForest
(apx-soln)",yes,1.440416091121321
400,0,"StochOptForest
(apx-soln)",yes,1.3111740563717507
400,0,"StochOptForest
(apx-soln)",yes,1.2926359756959285
400,0,"StochOptForest
(apx-soln)",yes,1.2564652524817816
400,0,"StochOptForest
(apx-soln)",no,1.4354152868578383
400,0,"StochOptForest
(apx-soln)",no,1.4333284984956824
400,0,"StochOptForest
(apx-soln)",no,1.3882796228997527
400,0,"StochOptForest
(apx-soln)",no,1.5316848748021925
400,0,"StochOptForest
(apx-soln)",no,1.4504791073171885
400,0,"StochOptForest
(apx-soln)",no,1.37281427976447
400,0,"StochOptForest
(apx-soln)",no,1.4685482639950365
400,0,"StochOptForest
(apx-soln)",no,1.411591330735553
400,0,"StochOptForest
(apx-soln)",no,1.3875680322919286
400,0,"StochOptForest
(apx-soln)",no,1.4462748027695906
400,0,"StochOptForest
(apx-soln)",no,1.4558508014054299
400,0,"StochOptForest
(apx-soln)",no,1.474111141267704
400,0,"StochOptForest
(apx-soln)",no,1.4475946405031535
400,0,"StochOptForest
(apx-soln)",no,1.4049751835971045
400,0,"StochOptForest
(apx-soln)",no,1.5818829430041932
400,0,"StochOptForest
(apx-soln)",no,1.4679930633846137
400,0,"StochOptForest
(apx-soln)",no,1.472847601553729
400,0,"StochOptForest
(apx-soln)",no,1.4223069968730429
400,0,"StochOptForest
(apx-soln)",no,1.5082166114478384
400,0,"StochOptForest
(apx-soln)",no,1.3355762860237081
400,0,"StochOptForest
(apx-soln)",no,1.5118732885694774
400,0,"StochOptForest
(apx-soln)",no,1.4467728890792222
400,0,"StochOptForest
(apx-soln)",no,1.404308922982393
400,0,"StochOptForest
(apx-soln)",no,1.3608623682700924
400,0,"StochOptForest
(apx-soln)",no,1.4121648600600782
400,0,"StochOptForest
(apx-soln)",no,1.405185872853507
400,0,"StochOptForest
(apx-soln)",no,1.3455909000755704
400,0,"StochOptForest
(apx-soln)",no,1.438355722284955
400,0,"StochOptForest
(apx-soln)",no,1.5064903151497844
400,0,"StochOptForest
(apx-soln)",no,1.3711623341995618
400,0,"StochOptForest
(apx-soln)",no,1.4070245511673904
400,0,"StochOptForest
(apx-soln)",no,1.3328344143454494
400,0,"StochOptForest
(apx-soln)",no,1.3939726243730926
400,0,"StochOptForest
(apx-soln)",no,1.5180990651087778
400,0,"StochOptForest
(apx-soln)",no,1.345288125218265
400,0,"StochOptForest
(apx-soln)",no,1.440453506727134
400,0,"StochOptForest
(apx-soln)",no,1.3894915054782473
400,0,"StochOptForest
(apx-soln)",no,1.4293083848450716
400,0,"StochOptForest
(apx-soln)",no,1.4101220352486576
400,0,"StochOptForest
(apx-soln)",no,1.3796983557766138
400,0,"StochOptForest
(apx-soln)",no,1.5173292453936587
400,0,"StochOptForest
(apx-soln)",no,1.4676405051531516
400,0,"StochOptForest
(apx-soln)",no,1.3906573443179255
400,0,"StochOptForest
(apx-soln)",no,1.3571210393638427
400,0,"StochOptForest
(apx-soln)",no,1.470907628985593
400,0,"StochOptForest
(apx-soln)",no,1.5071017597891803
400,0,"StochOptForest
(apx-soln)",no,1.482563729204843
400,0,"StochOptForest
(apx-soln)",no,1.4902907174537834
400,0,"StochOptForest
(apx-soln)",no,1.4343965145092505
400,0,"StochOptForest
(apx-soln)",no,1.3218026740958855
400,0,"StochOptForest
(apx-risk)",yes,1.4030954090215157
400,0,"StochOptForest
(apx-risk)",yes,1.4023459512584928
400,0,"StochOptForest
(apx-risk)",yes,1.3430231939560466
400,0,"StochOptForest
(apx-risk)",yes,1.500753681263398
400,0,"StochOptForest
(apx-risk)",yes,1.2651753549093943
400,0,"StochOptForest
(apx-risk)",yes,1.2769087238273469
400,0,"StochOptForest
(apx-risk)",yes,1.2916870499849769
400,0,"StochOptForest
(apx-risk)",yes,1.2122543168130318
400,0,"StochOptForest
(apx-risk)",yes,1.3181504032283184
400,0,"StochOptForest
(apx-risk)",yes,1.3653444759390254
400,0,"StochOptForest
(apx-risk)",yes,1.2936298029763886
400,0,"StochOptForest
(apx-risk)",yes,1.2798050227187885
400,0,"StochOptForest
(apx-risk)",yes,1.391991787734861
400,0,"StochOptForest
(apx-risk)",yes,1.3013770640736484
400,0,"StochOptForest
(apx-risk)",yes,1.1365588433726337
400,0,"StochOptForest
(apx-risk)",yes,1.3479815002531803
400,0,"StochOptForest
(apx-risk)",yes,1.2622148978819416
400,0,"StochOptForest
(apx-risk)",yes,1.376039744690999
400,0,"StochOptForest
(apx-risk)",yes,1.2769416967174232
400,0,"StochOptForest
(apx-risk)",yes,1.3120084348268968
400,0,"StochOptForest
(apx-risk)",yes,1.2509983015207164
400,0,"StochOptForest
(apx-risk)",yes,1.4198235797634846
400,0,"StochOptForest
(apx-risk)",yes,1.3357743717002655
400,0,"StochOptForest
(apx-risk)",yes,1.3125414867473946
400,0,"StochOptForest
(apx-risk)",yes,1.3200704636761251
400,0,"StochOptForest
(apx-risk)",yes,1.2961289508213532
400,0,"StochOptForest
(apx-risk)",yes,1.2551646546860942
400,0,"StochOptForest
(apx-risk)",yes,1.3714722570765219
400,0,"StochOptForest
(apx-risk)",yes,1.2510007223139261
400,0,"StochOptForest
(apx-risk)",yes,1.1614619489972962
400,0,"StochOptForest
(apx-risk)",yes,1.2376372116960397
400,0,"StochOptForest
(apx-risk)",yes,1.183173153328488
400,0,"StochOptForest
(apx-risk)",yes,1.3503485567759763
400,0,"StochOptForest
(apx-risk)",yes,1.3464843384623575
400,0,"StochOptForest
(apx-risk)",yes,1.1995796390846623
400,0,"StochOptForest
(apx-risk)",yes,1.3866738612956782
400,0,"StochOptForest
(apx-risk)",yes,1.2338228607954003
400,0,"StochOptForest
(apx-risk)",yes,1.2792178044404494
400,0,"StochOptForest
(apx-risk)",yes,1.2707039568294556
400,0,"StochOptForest
(apx-risk)",yes,1.282618612313947
400,0,"StochOptForest
(apx-risk)",yes,1.3195528238320369
400,0,"StochOptForest
(apx-risk)",yes,1.165349577636203
400,0,"StochOptForest
(apx-risk)",yes,1.1155947478572967
400,0,"StochOptForest
(apx-risk)",yes,1.3059028117651141
400,0,"StochOptForest
(apx-risk)",yes,1.362885321695746
400,0,"StochOptForest
(apx-risk)",yes,1.328481424482013
400,0,"StochOptForest
(apx-risk)",yes,1.4197512319231103
400,0,"StochOptForest
(apx-risk)",yes,1.4215984018707934
400,0,"StochOptForest
(apx-risk)",yes,1.2609670341501427
400,0,"StochOptForest
(apx-risk)",yes,1.227810310158956
400,0,"StochOptForest
(apx-risk)",no,1.4484091494399187
400,0,"StochOptForest
(apx-risk)",no,1.4264260554959658
400,0,"StochOptForest
(apx-risk)",no,1.4073629160515662
400,0,"StochOptForest
(apx-risk)",no,1.519526546701417
400,0,"StochOptForest
(apx-risk)",no,1.4627103133660435
400,0,"StochOptForest
(apx-risk)",no,1.3551732360628426
400,0,"StochOptForest
(apx-risk)",no,1.4793868710808618
400,0,"StochOptForest
(apx-risk)",no,1.38109865981266
400,0,"StochOptForest
(apx-risk)",no,1.3672617638565416
400,0,"StochOptForest
(apx-risk)",no,1.4236302606694058
400,0,"StochOptForest
(apx-risk)",no,1.442697962576773
400,0,"StochOptForest
(apx-risk)",no,1.4749158175902242
400,0,"StochOptForest
(apx-risk)",no,1.4311782513090767
400,0,"StochOptForest
(apx-risk)",no,1.3838893385389364
400,0,"StochOptForest
(apx-risk)",no,1.5441787480853535
400,0,"StochOptForest
(apx-risk)",no,1.4348034461905013
400,0,"StochOptForest
(apx-risk)",no,1.4579488872020256
400,0,"StochOptForest
(apx-risk)",no,1.4057202231213475
400,0,"StochOptForest
(apx-risk)",no,1.4691840766194522
400,0,"StochOptForest
(apx-risk)",no,1.3349406221406568
400,0,"StochOptForest
(apx-risk)",no,1.4890825824559017
400,0,"StochOptForest
(apx-risk)",no,1.446110904416499
400,0,"StochOptForest
(apx-risk)",no,1.3803025167698832
400,0,"StochOptForest
(apx-risk)",no,1.3326619454392092
400,0,"StochOptForest
(apx-risk)",no,1.4154912975597762
400,0,"StochOptForest
(apx-risk)",no,1.3911559265180518
400,0,"StochOptForest
(apx-risk)",no,1.3411889980143965
400,0,"StochOptForest
(apx-risk)",no,1.4264887530729327
400,0,"StochOptForest
(apx-risk)",no,1.4566507989760444
400,0,"StochOptForest
(apx-risk)",no,1.3472065808422882
400,0,"StochOptForest
(apx-risk)",no,1.3977596735624638
400,0,"StochOptForest
(apx-risk)",no,1.2644129880968398
400,0,"StochOptForest
(apx-risk)",no,1.3710799335112533
400,0,"StochOptForest
(apx-risk)",no,1.5109014089637538
400,0,"StochOptForest
(apx-risk)",no,1.3802436610841808
400,0,"StochOptForest
(apx-risk)",no,1.411029962912645
400,0,"StochOptForest
(apx-risk)",no,1.357998400389372
400,0,"StochOptForest
(apx-risk)",no,1.4318435062897699
400,0,"StochOptForest
(apx-risk)",no,1.4019997756749065
400,0,"StochOptForest
(apx-risk)",no,1.3688516025877675
400,0,"StochOptForest
(apx-risk)",no,1.4955533092032816
400,0,"StochOptForest
(apx-risk)",no,1.4089223112371507
400,0,"StochOptForest
(apx-risk)",no,1.4140709413045027
400,0,"StochOptForest
(apx-risk)",no,1.339355886511483
400,0,"StochOptForest
(apx-risk)",no,1.4658120633574927
400,0,"StochOptForest
(apx-risk)",no,1.471052757280385
400,0,"StochOptForest
(apx-risk)",no,1.4771030721972658
400,0,"StochOptForest
(apx-risk)",no,1.4647826001382669
400,0,"StochOptForest
(apx-risk)",no,1.4223139257989632
400,0,"StochOptForest
(apx-risk)",no,1.3414834804604485
400,0,RandSplitForest,no,1.4353802527362942
400,0,RandSplitForest,no,1.4240093756933572
400,0,RandSplitForest,no,1.410811881865214
400,0,RandSplitForest,no,1.5132481878564992
400,0,RandSplitForest,no,1.4550658411546349
400,0,RandSplitForest,no,1.370994994241603
400,0,RandSplitForest,no,1.4742497321294632
400,0,RandSplitForest,no,1.4112580590375254
400,0,RandSplitForest,no,1.3782938762447292
400,0,RandSplitForest,no,1.4440961032800983
400,0,RandSplitForest,no,1.4737598472084608
400,0,RandSplitForest,no,1.4817782059269775
400,0,RandSplitForest,no,1.4426240978732772
400,0,RandSplitForest,no,1.3912679229157203
400,0,RandSplitForest,no,1.5625850678995543
400,0,RandSplitForest,no,1.459950436009425
400,0,RandSplitForest,no,1.4527137448845064
400,0,RandSplitForest,no,1.4391842343619332
400,0,RandSplitForest,no,1.490784792908789
400,0,RandSplitForest,no,1.366184802062001
400,0,RandSplitForest,no,1.490251213381185
400,0,RandSplitForest,no,1.4428016510149835
400,0,RandSplitForest,no,1.4111437492136645
400,0,RandSplitForest,no,1.4032439579895912
400,0,RandSplitForest,no,1.4320517105834576
400,0,RandSplitForest,no,1.4116901956500538
400,0,RandSplitForest,no,1.3930467048073367
400,0,RandSplitForest,no,1.458375898944072
400,0,RandSplitForest,no,1.500033662640082
400,0,RandSplitForest,no,1.3735462612661347
400,0,RandSplitForest,no,1.418939235118464
400,0,RandSplitForest,no,1.3429782846427216
400,0,RandSplitForest,no,1.3982747483333964
400,0,RandSplitForest,no,1.519568543269248
400,0,RandSplitForest,no,1.435750694336094
400,0,RandSplitForest,no,1.430509137589492
400,0,RandSplitForest,no,1.3787809922544525
400,0,RandSplitForest,no,1.4496826427730358
400,0,RandSplitForest,no,1.4361086714127138
400,0,RandSplitForest,no,1.4036568959096645
400,0,RandSplitForest,no,1.4931869641413922
400,0,RandSplitForest,no,1.4793977331703976
400,0,RandSplitForest,no,1.443639858696237
400,0,RandSplitForest,no,1.355069447420227
400,0,RandSplitForest,no,1.475469059113495
400,0,RandSplitForest,no,1.5108346282763718
400,0,RandSplitForest,no,1.4821892036106439
400,0,RandSplitForest,no,1.4619355320476441
400,0,RandSplitForest,no,1.4339998117211368
400,0,RandSplitForest,no,1.378751949153019
400,0,RandForest,no,1.4702391443113914
400,0,RandForest,no,1.4284643137729243
400,0,RandForest,no,1.3792175503465616
400,0,RandForest,no,1.5586030358991976
400,0,RandForest,no,1.4797130424967264
400,0,RandForest,no,1.4386522605566268
400,0,RandForest,no,1.432888460301265
400,0,RandForest,no,1.3652219075527066
400,0,RandForest,no,1.376949472675792
400,0,RandForest,no,1.4270527731402867
400,0,RandForest,no,1.4562999069120945
400,0,RandForest,no,1.4674725187774131
400,0,RandForest,no,1.449090557980956
400,0,RandForest,no,1.412489373388368
400,0,RandForest,no,1.3703185096336943
400,0,RandForest,no,1.4532270643136587
400,0,RandForest,no,1.4161135622596766
400,0,RandForest,no,1.447933917852132
400,0,RandForest,no,1.5438941524864451
400,0,RandForest,no,1.3577098413177042
400,0,RandForest,no,1.4685498007659075
400,0,RandForest,no,1.442020709425641
400,0,RandForest,no,1.4068092176170586
400,0,RandForest,no,1.355417446102484
400,0,RandForest,no,1.3517376990663006
400,0,RandForest,no,1.4226196074503796
400,0,RandForest,no,1.3086658319998767
400,0,RandForest,no,1.423258880218739
400,0,RandForest,no,1.3646648463552968
400,0,RandForest,no,1.3173980189436736
400,0,RandForest,no,1.2974744083583107
400,0,RandForest,no,1.2941994014396714
400,0,RandForest,no,1.3828830570127335
400,0,RandForest,no,1.4777322062484375
400,0,RandForest,no,1.3613820203635616
400,0,RandForest,no,1.4287809338583344
400,0,RandForest,no,1.376418722050706
400,0,RandForest,no,1.3653907318251495
400,0,RandForest,no,1.4469260138028928
400,0,RandForest,no,1.3279339331399331
400,0,RandForest,no,1.4236145391141728
400,0,RandForest,no,1.2716646556741635
400,0,RandForest,no,1.2696422313204507
400,0,RandForest,no,1.3715604544054918
400,0,RandForest,no,1.443527614716983
400,0,RandForest,no,1.40416799547849
400,0,RandForest,no,1.4908875186785742
400,0,RandForest,no,1.49254349275089
400,0,RandForest,no,1.3927950272482506
400,0,RandForest,no,1.3567806815638233
800,0,"StochOptForest
(apx-soln)",yes,1.1029200836743498
800,0,"StochOptForest
(apx-soln)",yes,1.110689474946594
800,0,"StochOptForest
(apx-soln)",yes,1.2848760655899865
800,0,"StochOptForest
(apx-soln)",yes,1.0901111177870992
800,0,"StochOptForest
(apx-soln)",yes,1.091810396358161
800,0,"StochOptForest
(apx-soln)",yes,1.0989182776355624
800,0,"StochOptForest
(apx-soln)",yes,1.1028901452916748
800,0,"StochOptForest
(apx-soln)",yes,1.1758096533385527
800,0,"StochOptForest
(apx-soln)",yes,1.122206517911353
800,0,"StochOptForest
(apx-soln)",yes,1.0569701708180412
800,0,"StochOptForest
(apx-soln)",yes,1.1115835971146986
800,0,"StochOptForest
(apx-soln)",yes,1.1685993127745884
800,0,"StochOptForest
(apx-soln)",yes,1.1386525115084742
800,0,"StochOptForest
(apx-soln)",yes,1.218102483649249
800,0,"StochOptForest
(apx-soln)",yes,1.157581565289711
800,0,"StochOptForest
(apx-soln)",yes,1.0791537760714451
800,0,"StochOptForest
(apx-soln)",yes,1.0942395223153318
800,0,"StochOptForest
(apx-soln)",yes,1.1154014655413838
800,0,"StochOptForest
(apx-soln)",yes,1.1510986732646888
800,0,"StochOptForest
(apx-soln)",yes,1.1034208198870936
800,0,"StochOptForest
(apx-soln)",yes,1.132510196054485
800,0,"StochOptForest
(apx-soln)",yes,1.2493270193871928
800,0,"StochOptForest
(apx-soln)",yes,1.1410792897179043
800,0,"StochOptForest
(apx-soln)",yes,1.0813601653639324
800,0,"StochOptForest
(apx-soln)",yes,1.1192103484520428
800,0,"StochOptForest
(apx-soln)",yes,1.1100466603480978
800,0,"StochOptForest
(apx-soln)",yes,1.1664757447689895
800,0,"StochOptForest
(apx-soln)",yes,1.1103488061890205
800,0,"StochOptForest
(apx-soln)",yes,1.171067304696359
800,0,"StochOptForest
(apx-soln)",yes,1.2182586341955395
800,0,"StochOptForest
(apx-soln)",yes,1.0777070275662104
800,0,"StochOptForest
(apx-soln)",yes,1.1461467458792594
800,0,"StochOptForest
(apx-soln)",yes,1.2027113564020948
800,0,"StochOptForest
(apx-soln)",yes,1.0998807320019028
800,0,"StochOptForest
(apx-soln)",yes,1.2014998135607193
800,0,"StochOptForest
(apx-soln)",yes,1.1556740831352381
800,0,"StochOptForest
(apx-soln)",yes,1.101343360317259
800,0,"StochOptForest
(apx-soln)",yes,1.2092028488894375
800,0,"StochOptForest
(apx-soln)",yes,1.1314237856722564
800,0,"StochOptForest
(apx-soln)",yes,1.228374949597069
800,0,"StochOptForest
(apx-soln)",yes,1.114097343863016
800,0,"StochOptForest
(apx-soln)",yes,1.0976337173973356
800,0,"StochOptForest
(apx-soln)",yes,1.2362713753987493
800,0,"StochOptForest
(apx-soln)",yes,1.1086885853157078
800,0,"StochOptForest
(apx-soln)",yes,1.1319621986432358
800,0,"StochOptForest
(apx-soln)",yes,1.1053332096915918
800,0,"StochOptForest
(apx-soln)",yes,1.0939381862391395
800,0,"StochOptForest
(apx-soln)",yes,1.1123669795537994
800,0,"StochOptForest
(apx-soln)",yes,1.1199140103939214
800,0,"StochOptForest
(apx-soln)",yes,1.239089385511232
800,0,"StochOptForest
(apx-soln)",no,1.3857809020400171
800,0,"StochOptForest
(apx-soln)",no,1.3366500533304522
800,0,"StochOptForest
(apx-soln)",no,1.4432418238856979
800,0,"StochOptForest
(apx-soln)",no,1.3884085214833992
800,0,"StochOptForest
(apx-soln)",no,1.2889269525663247
800,0,"StochOptForest
(apx-soln)",no,1.3991345061646558
800,0,"StochOptForest
(apx-soln)",no,1.3452015289880919
800,0,"StochOptForest
(apx-soln)",no,1.3746034446730133
800,0,"StochOptForest
(apx-soln)",no,1.3701722394765412
800,0,"StochOptForest
(apx-soln)",no,1.366759080520859
800,0,"StochOptForest
(apx-soln)",no,1.4135222267343357
800,0,"StochOptForest
(apx-soln)",no,1.4261047446071118
800,0,"StochOptForest
(apx-soln)",no,1.444733285641482
800,0,"StochOptForest
(apx-soln)",no,1.4543652691772455
800,0,"StochOptForest
(apx-soln)",no,1.4349146270616864
800,0,"StochOptForest
(apx-soln)",no,1.395405169086107
800,0,"StochOptForest
(apx-soln)",no,1.3853903502455012
800,0,"StochOptForest
(apx-soln)",no,1.2975575343860017
800,0,"StochOptForest
(apx-soln)",no,1.436507582330639
800,0,"StochOptForest
(apx-soln)",no,1.4146977821902222
800,0,"StochOptForest
(apx-soln)",no,1.4213549794306053
800,0,"StochOptForest
(apx-soln)",no,1.3973403547121235
800,0,"StochOptForest
(apx-soln)",no,1.403754986562514
800,0,"StochOptForest
(apx-soln)",no,1.4390801654884364
800,0,"StochOptForest
(apx-soln)",no,1.403553548806641
800,0,"StochOptForest
(apx-soln)",no,1.4586854591734306
800,0,"StochOptForest
(apx-soln)",no,1.3883121211742477
800,0,"StochOptForest
(apx-soln)",no,1.358341060471005
800,0,"StochOptForest
(apx-soln)",no,1.4057365404483417
800,0,"StochOptForest
(apx-soln)",no,1.4988933676877767
800,0,"StochOptForest
(apx-soln)",no,1.3921634059333816
800,0,"StochOptForest
(apx-soln)",no,1.3673563854371962
800,0,"StochOptForest
(apx-soln)",no,1.4762515440265995
800,0,"StochOptForest
(apx-soln)",no,1.3542532769723243
800,0,"StochOptForest
(apx-soln)",no,1.4068077761614233
800,0,"StochOptForest
(apx-soln)",no,1.404766240790094
800,0,"StochOptForest
(apx-soln)",no,1.4382754160621152
800,0,"StochOptForest
(apx-soln)",no,1.3959307219940629
800,0,"StochOptForest
(apx-soln)",no,1.4093147323389148
800,0,"StochOptForest
(apx-soln)",no,1.3715642475303675
800,0,"StochOptForest
(apx-soln)",no,1.434552601125702
800,0,"StochOptForest
(apx-soln)",no,1.4050033704756337
800,0,"StochOptForest
(apx-soln)",no,1.4989260687678978
800,0,"StochOptForest
(apx-soln)",no,1.4553280806957085
800,0,"StochOptForest
(apx-soln)",no,1.4022927901628506
800,0,"StochOptForest
(apx-soln)",no,1.3776061484972906
800,0,"StochOptForest
(apx-soln)",no,1.3606493781696734
800,0,"StochOptForest
(apx-soln)",no,1.3522646360915256
800,0,"StochOptForest
(apx-soln)",no,1.407543757765491
800,0,"StochOptForest
(apx-soln)",no,1.4361045723871964
800,0,"StochOptForest
(apx-risk)",yes,1.0917279654294696
800,0,"StochOptForest
(apx-risk)",yes,1.145047745041988
800,0,"StochOptForest
(apx-risk)",yes,1.3303151307982137
800,0,"StochOptForest
(apx-risk)",yes,1.1489319282059256
800,0,"StochOptForest
(apx-risk)",yes,1.1133275004489895
800,0,"StochOptForest
(apx-risk)",yes,1.118761199518812
800,0,"StochOptForest
(apx-risk)",yes,1.1177350119724223
800,0,"StochOptForest
(apx-risk)",yes,1.1702193987665646
800,0,"StochOptForest
(apx-risk)",yes,1.111250018095051
800,0,"StochOptForest
(apx-risk)",yes,1.0926579678410644
800,0,"StochOptForest
(apx-risk)",yes,1.116798674262309
800,0,"StochOptForest
(apx-risk)",yes,1.0933897766584346
800,0,"StochOptForest
(apx-risk)",yes,1.1535828369544865
800,0,"StochOptForest
(apx-risk)",yes,1.1310664755314426
800,0,"StochOptForest
(apx-risk)",yes,1.0890812088833457
800,0,"StochOptForest
(apx-risk)",yes,1.0862603881159791
800,0,"StochOptForest
(apx-risk)",yes,1.1093469933875648
800,0,"StochOptForest
(apx-risk)",yes,1.0872390012780244
800,0,"StochOptForest
(apx-risk)",yes,1.1710018817810848
800,0,"StochOptForest
(apx-risk)",yes,1.0837212589487943
800,0,"StochOptForest
(apx-risk)",yes,1.1773104766214462
800,0,"StochOptForest
(apx-risk)",yes,1.2231597495749085
800,0,"StochOptForest
(apx-risk)",yes,1.1115754911766174
800,0,"StochOptForest
(apx-risk)",yes,1.0745224105552709
800,0,"StochOptForest
(apx-risk)",yes,1.085618134698532
800,0,"StochOptForest
(apx-risk)",yes,1.1236930748635254
800,0,"StochOptForest
(apx-risk)",yes,1.13460638335165
800,0,"StochOptForest
(apx-risk)",yes,1.12317303368972
800,0,"StochOptForest
(apx-risk)",yes,1.1945553669963804
800,0,"StochOptForest
(apx-risk)",yes,1.1524489700163068
800,0,"StochOptForest
(apx-risk)",yes,1.1203305232564043
800,0,"StochOptForest
(apx-risk)",yes,1.1602523246574448
800,0,"StochOptForest
(apx-risk)",yes,1.1148380259850146
800,0,"StochOptForest
(apx-risk)",yes,1.1547165042042127
800,0,"StochOptForest
(apx-risk)",yes,1.1071875224925418
800,0,"StochOptForest
(apx-risk)",yes,1.1205214059452582
800,0,"StochOptForest
(apx-risk)",yes,1.0811136190406094
800,0,"StochOptForest
(apx-risk)",yes,1.1406002133426836
800,0,"StochOptForest
(apx-risk)",yes,1.1248445850747484
800,0,"StochOptForest
(apx-risk)",yes,1.2684333554327165
800,0,"StochOptForest
(apx-risk)",yes,1.1172277232548051
800,0,"StochOptForest
(apx-risk)",yes,1.1708555500016657
800,0,"StochOptForest
(apx-risk)",yes,1.1449387099982504
800,0,"StochOptForest
(apx-risk)",yes,1.0686145144843757
800,0,"StochOptForest
(apx-risk)",yes,1.0910878004608497
800,0,"StochOptForest
(apx-risk)",yes,1.082823057545206
800,0,"StochOptForest
(apx-risk)",yes,1.0593742690082273
800,0,"StochOptForest
(apx-risk)",yes,1.1272211195165542
800,0,"StochOptForest
(apx-risk)",yes,1.1106480400612533
800,0,"StochOptForest
(apx-risk)",yes,1.2225955837973121
800,0,"StochOptForest
(apx-risk)",no,1.3771975164480281
800,0,"StochOptForest
(apx-risk)",no,1.2683392146779104
800,0,"StochOptForest
(apx-risk)",no,1.4262932257171013
800,0,"StochOptForest
(apx-risk)",no,1.3510925811404264
800,0,"StochOptForest
(apx-risk)",no,1.2694402397049684
800,0,"StochOptForest
(apx-risk)",no,1.3761109920604857
800,0,"StochOptForest
(apx-risk)",no,1.3271069740902741
800,0,"StochOptForest
(apx-risk)",no,1.360611498078396
800,0,"StochOptForest
(apx-risk)",no,1.399766746773382
800,0,"StochOptForest
(apx-risk)",no,1.3292960056067322
800,0,"StochOptForest
(apx-risk)",no,1.3803622294898379
800,0,"StochOptForest
(apx-risk)",no,1.3999635799096073
800,0,"StochOptForest
(apx-risk)",no,1.3858016717222956
800,0,"StochOptForest
(apx-risk)",no,1.4519130170143182
800,0,"StochOptForest
(apx-risk)",no,1.2837313724219261
800,0,"StochOptForest
(apx-risk)",no,1.349295971220066
800,0,"StochOptForest
(apx-risk)",no,1.3607084869151744
800,0,"StochOptForest
(apx-risk)",no,1.3039292511877418
800,0,"StochOptForest
(apx-risk)",no,1.395272750208919
800,0,"StochOptForest
(apx-risk)",no,1.4115474145946136
800,0,"StochOptForest
(apx-risk)",no,1.4152067846303544
800,0,"StochOptForest
(apx-risk)",no,1.3863304218560097
800,0,"StochOptForest
(apx-risk)",no,1.3886609676585675
800,0,"StochOptForest
(apx-risk)",no,1.4207378240933302
800,0,"StochOptForest
(apx-risk)",no,1.3848326999938116
800,0,"StochOptForest
(apx-risk)",no,1.4333469145662063
800,0,"StochOptForest
(apx-risk)",no,1.3863527936010778
800,0,"StochOptForest
(apx-risk)",no,1.3475130667369732
800,0,"StochOptForest
(apx-risk)",no,1.3271036500876203
800,0,"StochOptForest
(apx-risk)",no,1.5000832606886358
800,0,"StochOptForest
(apx-risk)",no,1.366708394882091
800,0,"StochOptForest
(apx-risk)",no,1.367175407632328
800,0,"StochOptForest
(apx-risk)",no,1.444400434883036
800,0,"StochOptForest
(apx-risk)",no,1.344627272408401
800,0,"StochOptForest
(apx-risk)",no,1.396703038982844
800,0,"StochOptForest
(apx-risk)",no,1.378651983858863
800,0,"StochOptForest
(apx-risk)",no,1.4135278505747615
800,0,"StochOptForest
(apx-risk)",no,1.3940094948186716
800,0,"StochOptForest
(apx-risk)",no,1.3800054511632445
800,0,"StochOptForest
(apx-risk)",no,1.3626626146247718
800,0,"StochOptForest
(apx-risk)",no,1.4131017233285856
800,0,"StochOptForest
(apx-risk)",no,1.3806563958755593
800,0,"StochOptForest
(apx-risk)",no,1.4829860888660715
800,0,"StochOptForest
(apx-risk)",no,1.450187814359165
800,0,"StochOptForest
(apx-risk)",no,1.3895817282697027
800,0,"StochOptForest
(apx-risk)",no,1.3473508971079198
800,0,"StochOptForest
(apx-risk)",no,1.3213531862034433
800,0,"StochOptForest
(apx-risk)",no,1.33008693899963
800,0,"StochOptForest
(apx-risk)",no,1.3824291702734537
800,0,"StochOptForest
(apx-risk)",no,1.420911181807669
800,0,RandSplitForest,no,1.3798277551497238
800,0,RandSplitForest,no,1.351561288949843
800,0,RandSplitForest,no,1.4668585325514232
800,0,RandSplitForest,no,1.3934575971504957
800,0,RandSplitForest,no,1.3221516408588232
800,0,RandSplitForest,no,1.3937176148268888
800,0,RandSplitForest,no,1.347250097796536
800,0,RandSplitForest,no,1.4018890814493843
800,0,RandSplitForest,no,1.426208890628589
800,0,RandSplitForest,no,1.370228180272371
800,0,RandSplitForest,no,1.4256497097293737
800,0,RandSplitForest,no,1.413787149484034
800,0,RandSplitForest,no,1.386657077806281
800,0,RandSplitForest,no,1.4725298153857629
800,0,RandSplitForest,no,1.4316001694182583
800,0,RandSplitForest,no,1.3801193333964779
800,0,RandSplitForest,no,1.3785974549275748
800,0,RandSplitForest,no,1.331877731419997
800,0,RandSplitForest,no,1.4259171966578308
800,0,RandSplitForest,no,1.415953537172663
800,0,RandSplitForest,no,1.408646564950273
800,0,RandSplitForest,no,1.3877676134560704
800,0,RandSplitForest,no,1.4030242972928375
800,0,RandSplitForest,no,1.4277886493301637
800,0,RandSplitForest,no,1.4095645422253589
800,0,RandSplitForest,no,1.4442640213544942
800,0,RandSplitForest,no,1.448286520751784
800,0,RandSplitForest,no,1.3835145402708513
800,0,RandSplitForest,no,1.4273688744754045
800,0,RandSplitForest,no,1.4825864086648695
800,0,RandSplitForest,no,1.4091456899668835
800,0,RandSplitForest,no,1.3742602697385558
800,0,RandSplitForest,no,1.4592865165792126
800,0,RandSplitForest,no,1.358565161990209
800,0,RandSplitForest,no,1.4166485286017425
800,0,RandSplitForest,no,1.4009801956742511
800,0,RandSplitForest,no,1.4557177293331989
800,0,RandSplitForest,no,1.4320658113628046
800,0,RandSplitForest,no,1.389583562619331
800,0,RandSplitForest,no,1.369196623352866
800,0,RandSplitForest,no,1.41865097156778
800,0,RandSplitForest,no,1.4139966524958194
800,0,RandSplitForest,no,1.4886054400416497
800,0,RandSplitForest,no,1.4491104167600497
800,0,RandSplitForest,no,1.4223262629602527
800,0,RandSplitForest,no,1.4429564812076214
800,0,RandSplitForest,no,1.4342833022290744
800,0,RandSplitForest,no,1.3770244499143116
800,0,RandSplitForest,no,1.3924384670261505
800,0,RandSplitForest,no,1.4431065605323585
800,0,RandForest,no,1.3086692059201632
800,0,RandForest,no,1.247193439222407
800,0,RandForest,no,1.4449693841319058
800,0,RandForest,no,1.3450806116312184
800,0,RandForest,no,1.2997819289996926
800,0,RandForest,no,1.3879368436351576
800,0,RandForest,no,1.330023152844473
800,0,RandForest,no,1.3368642540443316
800,0,RandForest,no,1.2891726243772976
800,0,RandForest,no,1.3060681695593181
800,0,RandForest,no,1.3028686472164501
800,0,RandForest,no,1.3426923352305518
800,0,RandForest,no,1.3273782874536264
800,0,RandForest,no,1.3913122235508752
800,0,RandForest,no,1.3553208627872415
800,0,RandForest,no,1.304130054377494
800,0,RandForest,no,1.3914258285814824
800,0,RandForest,no,1.2356843063090137
800,0,RandForest,no,1.4176912555683372
800,0,RandForest,no,1.3620387155347313
800,0,RandForest,no,1.3483758153204373
800,0,RandForest,no,1.376670142428259
800,0,RandForest,no,1.2177769395041282
800,0,RandForest,no,1.2535861078120358
800,0,RandForest,no,1.2674629436533738
800,0,RandForest,no,1.366240646300922
800,0,RandForest,no,1.328203231841748
800,0,RandForest,no,1.2807082343191802
800,0,RandForest,no,1.3573385882276041
800,0,RandForest,no,1.3952303581217271
800,0,RandForest,no,1.318146068486127
800,0,RandForest,no,1.324809765407619
800,0,RandForest,no,1.3888259340574836
800,0,RandForest,no,1.353188877445455
800,0,RandForest,no,1.3200359436671385
800,0,RandForest,no,1.2665051155313025
800,0,RandForest,no,1.3713234765823117
800,0,RandForest,no,1.3689965872572505
800,0,RandForest,no,1.3326438834398648
800,0,RandForest,no,1.3977584650268253
800,0,RandForest,no,1.331761737224682
800,0,RandForest,no,1.2840270130041758
800,0,RandForest,no,1.4441425178087213
800,0,RandForest,no,1.3991940743863476
800,0,RandForest,no,1.3299377298127169
800,0,RandForest,no,1.273794153375496
800,0,RandForest,no,1.209786353523728
800,0,RandForest,no,1.3013181521224575
800,0,RandForest,no,1.3271977350296336
800,0,RandForest,no,1.4373224665030349
