n,R,Method,Constraint,abs_risk
100,0.1,"StochOptForest
(apx-soln)",yes,5.107876923639398
100,0.1,"StochOptForest
(apx-soln)",yes,3.8209284231659164
100,0.1,"StochOptForest
(apx-soln)",yes,3.7209726778340557
100,0.1,"StochOptForest
(apx-soln)",yes,4.259200003176015
100,0.1,"StochOptForest
(apx-soln)",yes,3.9727767042695787
100,0.1,"StochOptForest
(apx-soln)",yes,4.071879580576566
100,0.1,"StochOptForest
(apx-soln)",yes,4.604904148986741
100,0.1,"StochOptForest
(apx-soln)",yes,4.053970456639673
100,0.1,"StochOptForest
(apx-soln)",yes,2.2826376490718077
100,0.1,"StochOptForest
(apx-soln)",yes,3.4792062627270615
100,0.1,"StochOptForest
(apx-soln)",yes,4.135517764934845
100,0.1,"StochOptForest
(apx-soln)",yes,6.615793924366633
100,0.1,"StochOptForest
(apx-soln)",yes,4.458704553735037
100,0.1,"StochOptForest
(apx-soln)",yes,4.794397427662638
100,0.1,"StochOptForest
(apx-soln)",yes,5.952338661245759
100,0.1,"StochOptForest
(apx-soln)",yes,4.176270362987831
100,0.1,"StochOptForest
(apx-soln)",yes,4.615527545358158
100,0.1,"StochOptForest
(apx-soln)",yes,3.344396373651159
100,0.1,"StochOptForest
(apx-soln)",yes,3.0251174755803283
100,0.1,"StochOptForest
(apx-soln)",yes,3.727908512525033
100,0.1,"StochOptForest
(apx-soln)",yes,4.623997311834323
100,0.1,"StochOptForest
(apx-soln)",yes,4.1083562211787195
100,0.1,"StochOptForest
(apx-soln)",yes,4.0315660079329305
100,0.1,"StochOptForest
(apx-soln)",yes,8.205455098931338
100,0.1,"StochOptForest
(apx-soln)",yes,6.184353369365657
100,0.1,"StochOptForest
(apx-soln)",yes,3.575479082807103
100,0.1,"StochOptForest
(apx-soln)",yes,3.296154255693027
100,0.1,"StochOptForest
(apx-soln)",yes,4.165065923888117
100,0.1,"StochOptForest
(apx-soln)",yes,3.087484079749499
100,0.1,"StochOptForest
(apx-soln)",yes,4.694035783536682
100,0.1,"StochOptForest
(apx-soln)",yes,4.52326245131497
100,0.1,"StochOptForest
(apx-soln)",yes,3.9380752996780486
100,0.1,"StochOptForest
(apx-soln)",yes,4.5299255822670155
100,0.1,"StochOptForest
(apx-soln)",yes,4.495244853459355
100,0.1,"StochOptForest
(apx-soln)",yes,3.8564243347905993
100,0.1,"StochOptForest
(apx-soln)",yes,2.8197387783305703
100,0.1,"StochOptForest
(apx-soln)",yes,4.3284158304328875
100,0.1,"StochOptForest
(apx-soln)",yes,3.4253093659407288
100,0.1,"StochOptForest
(apx-soln)",yes,3.0964086503166226
100,0.1,"StochOptForest
(apx-soln)",yes,3.2306532114093343
100,0.1,"StochOptForest
(apx-soln)",yes,5.200319304617988
100,0.1,"StochOptForest
(apx-soln)",yes,2.7339161606431643
100,0.1,"StochOptForest
(apx-soln)",yes,4.642619453735743
100,0.1,"StochOptForest
(apx-soln)",yes,5.040542191644624
100,0.1,"StochOptForest
(apx-soln)",yes,3.6206462586246007
100,0.1,"StochOptForest
(apx-soln)",yes,4.072717414148014
100,0.1,"StochOptForest
(apx-soln)",yes,5.836554355736719
100,0.1,"StochOptForest
(apx-soln)",yes,5.071395822307808
100,0.1,"StochOptForest
(apx-soln)",yes,5.110685721742978
100,0.1,"StochOptForest
(apx-soln)",yes,4.345713886112634
100,0.1,"StochOptForest
(apx-soln)",no,5.085671225759423
100,0.1,"StochOptForest
(apx-soln)",no,4.840854726875131
100,0.1,"StochOptForest
(apx-soln)",no,4.606627820633715
100,0.1,"StochOptForest
(apx-soln)",no,5.90446163416652
100,0.1,"StochOptForest
(apx-soln)",no,5.011138345977472
100,0.1,"StochOptForest
(apx-soln)",no,4.67360554050013
100,0.1,"StochOptForest
(apx-soln)",no,5.500575349813744
100,0.1,"StochOptForest
(apx-soln)",no,5.093865293975878
100,0.1,"StochOptForest
(apx-soln)",no,4.677360372191104
100,0.1,"StochOptForest
(apx-soln)",no,4.542146754366971
100,0.1,"StochOptForest
(apx-soln)",no,4.990481012095147
100,0.1,"StochOptForest
(apx-soln)",no,6.806931280503656
100,0.1,"StochOptForest
(apx-soln)",no,5.060451097780608
100,0.1,"StochOptForest
(apx-soln)",no,4.954688610894338
100,0.1,"StochOptForest
(apx-soln)",no,5.756935802603169
100,0.1,"StochOptForest
(apx-soln)",no,5.178532788516054
100,0.1,"StochOptForest
(apx-soln)",no,4.980942941251235
100,0.1,"StochOptForest
(apx-soln)",no,4.804067350037561
100,0.1,"StochOptForest
(apx-soln)",no,4.74076922537052
100,0.1,"StochOptForest
(apx-soln)",no,4.853374358683628
100,0.1,"StochOptForest
(apx-soln)",no,4.799932182728233
100,0.1,"StochOptForest
(apx-soln)",no,5.088084231502105
100,0.1,"StochOptForest
(apx-soln)",no,4.6941493917434
100,0.1,"StochOptForest
(apx-soln)",no,4.867374889646272
100,0.1,"StochOptForest
(apx-soln)",no,4.955163176218724
100,0.1,"StochOptForest
(apx-soln)",no,4.631342753575462
100,0.1,"StochOptForest
(apx-soln)",no,4.734641539177326
100,0.1,"StochOptForest
(apx-soln)",no,5.2537201753503595
100,0.1,"StochOptForest
(apx-soln)",no,5.11458540049446
100,0.1,"StochOptForest
(apx-soln)",no,4.833815205575136
100,0.1,"StochOptForest
(apx-soln)",no,4.6225546372116995
100,0.1,"StochOptForest
(apx-soln)",no,6.240444023814167
100,0.1,"StochOptForest
(apx-soln)",no,5.047362506194622
100,0.1,"StochOptForest
(apx-soln)",no,4.928511482676083
100,0.1,"StochOptForest
(apx-soln)",no,4.675144254498119
100,0.1,"StochOptForest
(apx-soln)",no,4.803448865191952
100,0.1,"StochOptForest
(apx-soln)",no,5.549881182988219
100,0.1,"StochOptForest
(apx-soln)",no,5.030337414520176
100,0.1,"StochOptForest
(apx-soln)",no,4.720631416296291
100,0.1,"StochOptForest
(apx-soln)",no,5.217423733039822
100,0.1,"StochOptForest
(apx-soln)",no,5.181677826227602
100,0.1,"StochOptForest
(apx-soln)",no,5.144522759861574
100,0.1,"StochOptForest
(apx-soln)",no,5.0204260927769475
100,0.1,"StochOptForest
(apx-soln)",no,5.052812082242821
100,0.1,"StochOptForest
(apx-soln)",no,4.730368964325269
100,0.1,"StochOptForest
(apx-soln)",no,5.116873658226552
100,0.1,"StochOptForest
(apx-soln)",no,5.018521416529277
100,0.1,"StochOptForest
(apx-soln)",no,5.548008350346953
100,0.1,"StochOptForest
(apx-soln)",no,6.122789799327616
100,0.1,"StochOptForest
(apx-soln)",no,4.5841887927538885
100,0.1,"StochOptForest
(apx-risk)",yes,4.303235173579068
100,0.1,"StochOptForest
(apx-risk)",yes,3.589659761727342
100,0.1,"StochOptForest
(apx-risk)",yes,3.46929688636334
100,0.1,"StochOptForest
(apx-risk)",yes,3.9044638036253065
100,0.1,"StochOptForest
(apx-risk)",yes,3.847328108144667
100,0.1,"StochOptForest
(apx-risk)",yes,3.8039023014204396
100,0.1,"StochOptForest
(apx-risk)",yes,4.613211319545664
100,0.1,"StochOptForest
(apx-risk)",yes,3.6189934577670018
100,0.1,"StochOptForest
(apx-risk)",yes,2.26325587118635
100,0.1,"StochOptForest
(apx-risk)",yes,3.5235857160292903
100,0.1,"StochOptForest
(apx-risk)",yes,3.5852849151378567
100,0.1,"StochOptForest
(apx-risk)",yes,6.435887880320239
100,0.1,"StochOptForest
(apx-risk)",yes,4.001040602092263
100,0.1,"StochOptForest
(apx-risk)",yes,4.182273348879209
100,0.1,"StochOptForest
(apx-risk)",yes,4.627693306144627
100,0.1,"StochOptForest
(apx-risk)",yes,3.5893692362226632
100,0.1,"StochOptForest
(apx-risk)",yes,4.239538470574064
100,0.1,"StochOptForest
(apx-risk)",yes,3.6721864103700517
100,0.1,"StochOptForest
(apx-risk)",yes,2.687697967454675
100,0.1,"StochOptForest
(apx-risk)",yes,3.1208298900004805
100,0.1,"StochOptForest
(apx-risk)",yes,4.777935756425765
100,0.1,"StochOptForest
(apx-risk)",yes,3.4789898570141045
100,0.1,"StochOptForest
(apx-risk)",yes,4.011209318205348
100,0.1,"StochOptForest
(apx-risk)",yes,7.765017525211193
100,0.1,"StochOptForest
(apx-risk)",yes,5.485947122272497
100,0.1,"StochOptForest
(apx-risk)",yes,3.0900198367456024
100,0.1,"StochOptForest
(apx-risk)",yes,3.118418945746927
100,0.1,"StochOptForest
(apx-risk)",yes,4.770026782658296
100,0.1,"StochOptForest
(apx-risk)",yes,2.204880024332385
100,0.1,"StochOptForest
(apx-risk)",yes,3.9172498161073985
100,0.1,"StochOptForest
(apx-risk)",yes,4.433863707583358
100,0.1,"StochOptForest
(apx-risk)",yes,3.1420064409366892
100,0.1,"StochOptForest
(apx-risk)",yes,4.4280764596792235
100,0.1,"StochOptForest
(apx-risk)",yes,5.285626603526998
100,0.1,"StochOptForest
(apx-risk)",yes,3.394608237353172
100,0.1,"StochOptForest
(apx-risk)",yes,2.5938375314808284
100,0.1,"StochOptForest
(apx-risk)",yes,2.8326764880892523
100,0.1,"StochOptForest
(apx-risk)",yes,3.141106317697149
100,0.1,"StochOptForest
(apx-risk)",yes,2.653755881173725
100,0.1,"StochOptForest
(apx-risk)",yes,3.4128536403703027
100,0.1,"StochOptForest
(apx-risk)",yes,4.742280617697319
100,0.1,"StochOptForest
(apx-risk)",yes,3.247335959113195
100,0.1,"StochOptForest
(apx-risk)",yes,4.3226581041826275
100,0.1,"StochOptForest
(apx-risk)",yes,4.655059139323479
100,0.1,"StochOptForest
(apx-risk)",yes,3.4877597863165475
100,0.1,"StochOptForest
(apx-risk)",yes,4.128468632013144
100,0.1,"StochOptForest
(apx-risk)",yes,5.741837341111599
100,0.1,"StochOptForest
(apx-risk)",yes,5.129009154460532
100,0.1,"StochOptForest
(apx-risk)",yes,5.272148261286484
100,0.1,"StochOptForest
(apx-risk)",yes,3.963262658988463
100,0.1,"StochOptForest
(apx-risk)",no,3.6118978297453186
100,0.1,"StochOptForest
(apx-risk)",no,3.560109383360195
100,0.1,"StochOptForest
(apx-risk)",no,2.8547359526660903
100,0.1,"StochOptForest
(apx-risk)",no,4.047828025531843
100,0.1,"StochOptForest
(apx-risk)",no,4.007469185576308
100,0.1,"StochOptForest
(apx-risk)",no,3.8041213098197435
100,0.1,"StochOptForest
(apx-risk)",no,4.393912471116478
100,0.1,"StochOptForest
(apx-risk)",no,3.6464193916350207
100,0.1,"StochOptForest
(apx-risk)",no,2.104776520587075
100,0.1,"StochOptForest
(apx-risk)",no,3.1250622749048342
100,0.1,"StochOptForest
(apx-risk)",no,3.662086117513127
100,0.1,"StochOptForest
(apx-risk)",no,6.447593434755899
100,0.1,"StochOptForest
(apx-risk)",no,3.9982503872881567
100,0.1,"StochOptForest
(apx-risk)",no,4.020916023497888
100,0.1,"StochOptForest
(apx-risk)",no,4.392050245763868
100,0.1,"StochOptForest
(apx-risk)",no,4.2739707447002
100,0.1,"StochOptForest
(apx-risk)",no,3.724875435459587
100,0.1,"StochOptForest
(apx-risk)",no,2.9329748039958865
100,0.1,"StochOptForest
(apx-risk)",no,3.1041605611320278
100,0.1,"StochOptForest
(apx-risk)",no,3.265288265770758
100,0.1,"StochOptForest
(apx-risk)",no,3.557798307069332
100,0.1,"StochOptForest
(apx-risk)",no,4.1493436649796225
100,0.1,"StochOptForest
(apx-risk)",no,4.279694544819444
100,0.1,"StochOptForest
(apx-risk)",no,7.329119688088631
100,0.1,"StochOptForest
(apx-risk)",no,7.059359730108834
100,0.1,"StochOptForest
(apx-risk)",no,2.6857369252201533
100,0.1,"StochOptForest
(apx-risk)",no,2.9707380360498776
100,0.1,"StochOptForest
(apx-risk)",no,5.16151129969295
100,0.1,"StochOptForest
(apx-risk)",no,2.5752174643520425
100,0.1,"StochOptForest
(apx-risk)",no,3.6636645207519667
100,0.1,"StochOptForest
(apx-risk)",no,4.272989492665429
100,0.1,"StochOptForest
(apx-risk)",no,4.274634878292864
100,0.1,"StochOptForest
(apx-risk)",no,4.833272545197036
100,0.1,"StochOptForest
(apx-risk)",no,5.316385988045289
100,0.1,"StochOptForest
(apx-risk)",no,3.5975877837827306
100,0.1,"StochOptForest
(apx-risk)",no,2.517024349527085
100,0.1,"StochOptForest
(apx-risk)",no,3.052641311503291
100,0.1,"StochOptForest
(apx-risk)",no,4.101858780192559
100,0.1,"StochOptForest
(apx-risk)",no,2.73895448444059
100,0.1,"StochOptForest
(apx-risk)",no,3.2478214589294017
100,0.1,"StochOptForest
(apx-risk)",no,4.575385022529581
100,0.1,"StochOptForest
(apx-risk)",no,2.6862076855357735
100,0.1,"StochOptForest
(apx-risk)",no,4.275068761401404
100,0.1,"StochOptForest
(apx-risk)",no,4.482613469418513
100,0.1,"StochOptForest
(apx-risk)",no,3.245273548070409
100,0.1,"StochOptForest
(apx-risk)",no,3.7225487775009016
100,0.1,"StochOptForest
(apx-risk)",no,5.293564758458493
100,0.1,"StochOptForest
(apx-risk)",no,5.125467694700993
100,0.1,"StochOptForest
(apx-risk)",no,5.396796883290274
100,0.1,"StochOptForest
(apx-risk)",no,4.153694889779958
100,0.1,RandSplitForest,no,4.951246247340659
100,0.1,RandSplitForest,no,4.744576067458128
100,0.1,RandSplitForest,no,4.559237425699564
100,0.1,RandSplitForest,no,5.643172179650468
100,0.1,RandSplitForest,no,4.9382753165500075
100,0.1,RandSplitForest,no,4.589410423134934
100,0.1,RandSplitForest,no,5.48399567461882
100,0.1,RandSplitForest,no,5.014472474383438
100,0.1,RandSplitForest,no,4.4830219311071895
100,0.1,RandSplitForest,no,4.404640363763064
100,0.1,RandSplitForest,no,4.811365258141588
100,0.1,RandSplitForest,no,6.744439996913221
100,0.1,RandSplitForest,no,4.97876647365684
100,0.1,RandSplitForest,no,4.8711201534742115
100,0.1,RandSplitForest,no,6.579565330917901
100,0.1,RandSplitForest,no,5.094064419096724
100,0.1,RandSplitForest,no,4.8029863146887655
100,0.1,RandSplitForest,no,4.752441664993511
100,0.1,RandSplitForest,no,4.533788609331679
100,0.1,RandSplitForest,no,4.754072519052521
100,0.1,RandSplitForest,no,4.689497814100999
100,0.1,RandSplitForest,no,4.955257175072948
100,0.1,RandSplitForest,no,4.609962488913269
100,0.1,RandSplitForest,no,4.861594344530334
100,0.1,RandSplitForest,no,5.120107156113772
100,0.1,RandSplitForest,no,4.561308514673096
100,0.1,RandSplitForest,no,4.65163107930207
100,0.1,RandSplitForest,no,5.294033801491033
100,0.1,RandSplitForest,no,4.899745329633625
100,0.1,RandSplitForest,no,4.791388291391804
100,0.1,RandSplitForest,no,4.53823676742855
100,0.1,RandSplitForest,no,5.960532508514944
100,0.1,RandSplitForest,no,4.988520843743443
100,0.1,RandSplitForest,no,5.00395707255081
100,0.1,RandSplitForest,no,4.5734141022604495
100,0.1,RandSplitForest,no,4.706107618225008
100,0.1,RandSplitForest,no,5.285385151575264
100,0.1,RandSplitForest,no,4.791243990968238
100,0.1,RandSplitForest,no,4.638853250161197
100,0.1,RandSplitForest,no,5.1831876583584195
100,0.1,RandSplitForest,no,5.085640704743235
100,0.1,RandSplitForest,no,4.932612261448042
100,0.1,RandSplitForest,no,4.96787487146849
100,0.1,RandSplitForest,no,5.144003390369068
100,0.1,RandSplitForest,no,4.602237107054063
100,0.1,RandSplitForest,no,5.060506939248151
100,0.1,RandSplitForest,no,5.048494566179684
100,0.1,RandSplitForest,no,5.326354572764171
100,0.1,RandSplitForest,no,6.036316426563231
100,0.1,RandSplitForest,no,4.495247544301298
100,0.1,RandForest,no,8.252915812922101
100,0.1,RandForest,no,5.319128567319483
100,0.1,RandForest,no,4.787510921347136
100,0.1,RandForest,no,5.796215303225374
100,0.1,RandForest,no,5.027307943244254
100,0.1,RandForest,no,5.142032684317208
100,0.1,RandForest,no,5.638775364371495
100,0.1,RandForest,no,5.134470637179828
100,0.1,RandForest,no,4.632746221640054
100,0.1,RandForest,no,4.693304793409841
100,0.1,RandForest,no,4.886356992765542
100,0.1,RandForest,no,7.672634448000248
100,0.1,RandForest,no,6.627465919674348
100,0.1,RandForest,no,5.452155494547298
100,0.1,RandForest,no,7.5617088981679945
100,0.1,RandForest,no,5.398089566980152
100,0.1,RandForest,no,5.81818673163454
100,0.1,RandForest,no,14.616428071073095
100,0.1,RandForest,no,4.702457292264059
100,0.1,RandForest,no,5.1047498281440475
100,0.1,RandForest,no,6.269856572745402
100,0.1,RandForest,no,7.280839590669115
100,0.1,RandForest,no,6.97418949448446
100,0.1,RandForest,no,9.143216799521634
100,0.1,RandForest,no,9.03825438497439
100,0.1,RandForest,no,4.556827661389361
100,0.1,RandForest,no,4.983782559205107
100,0.1,RandForest,no,7.892377723283688
100,0.1,RandForest,no,5.907035199815661
100,0.1,RandForest,no,5.4315863178483905
100,0.1,RandForest,no,7.063791096329231
100,0.1,RandForest,no,6.111055257773614
100,0.1,RandForest,no,5.89639840720289
100,0.1,RandForest,no,7.665206520585715
100,0.1,RandForest,no,4.658598062725471
100,0.1,RandForest,no,11.974490593337595
100,0.1,RandForest,no,5.134690079585856
100,0.1,RandForest,no,6.709599167725123
100,0.1,RandForest,no,4.921939322628421
100,0.1,RandForest,no,4.956115002692901
100,0.1,RandForest,no,5.143355674790862
100,0.1,RandForest,no,5.430838518960055
100,0.1,RandForest,no,8.593578933978263
100,0.1,RandForest,no,5.207618002089093
100,0.1,RandForest,no,5.184901895565255
100,0.1,RandForest,no,5.127600430604549
100,0.1,RandForest,no,6.085572330388637
100,0.1,RandForest,no,5.798109893007855
100,0.1,RandForest,no,5.890916182022226
100,0.1,RandForest,no,4.568004033311075
200,0.1,"StochOptForest
(apx-soln)",yes,3.1845909712254117
200,0.1,"StochOptForest
(apx-soln)",yes,2.9867235270834924
200,0.1,"StochOptForest
(apx-soln)",yes,2.1795378139795614
200,0.1,"StochOptForest
(apx-soln)",yes,2.377754084195375
200,0.1,"StochOptForest
(apx-soln)",yes,2.6011321320828746
200,0.1,"StochOptForest
(apx-soln)",yes,2.849926667901214
200,0.1,"StochOptForest
(apx-soln)",yes,3.438779996792143
200,0.1,"StochOptForest
(apx-soln)",yes,2.438150013827024
200,0.1,"StochOptForest
(apx-soln)",yes,4.033205911321827
200,0.1,"StochOptForest
(apx-soln)",yes,4.799864281019401
200,0.1,"StochOptForest
(apx-soln)",yes,3.0717917472125036
200,0.1,"StochOptForest
(apx-soln)",yes,2.724186246372854
200,0.1,"StochOptForest
(apx-soln)",yes,3.2599656830705857
200,0.1,"StochOptForest
(apx-soln)",yes,3.1140369993362556
200,0.1,"StochOptForest
(apx-soln)",yes,2.8818721546023394
200,0.1,"StochOptForest
(apx-soln)",yes,4.316881856924104
200,0.1,"StochOptForest
(apx-soln)",yes,2.953809322413451
200,0.1,"StochOptForest
(apx-soln)",yes,2.356714594403879
200,0.1,"StochOptForest
(apx-soln)",yes,3.7474404712935683
200,0.1,"StochOptForest
(apx-soln)",yes,4.559735330564621
200,0.1,"StochOptForest
(apx-soln)",yes,2.188986984892715
200,0.1,"StochOptForest
(apx-soln)",yes,2.898765746720071
200,0.1,"StochOptForest
(apx-soln)",yes,2.7734447819653782
200,0.1,"StochOptForest
(apx-soln)",yes,4.751951186655007
200,0.1,"StochOptForest
(apx-soln)",yes,3.851313722548446
200,0.1,"StochOptForest
(apx-soln)",yes,2.3851450237746237
200,0.1,"StochOptForest
(apx-soln)",yes,2.734117302681406
200,0.1,"StochOptForest
(apx-soln)",yes,2.3394825154736187
200,0.1,"StochOptForest
(apx-soln)",yes,3.05275751943425
200,0.1,"StochOptForest
(apx-soln)",yes,2.5350900350224905
200,0.1,"StochOptForest
(apx-soln)",yes,4.200534827912497
200,0.1,"StochOptForest
(apx-soln)",yes,2.9162800592620868
200,0.1,"StochOptForest
(apx-soln)",yes,4.0918275613424075
200,0.1,"StochOptForest
(apx-soln)",yes,2.5820746516594353
200,0.1,"StochOptForest
(apx-soln)",yes,3.5703236705344845
200,0.1,"StochOptForest
(apx-soln)",yes,3.667966645277802
200,0.1,"StochOptForest
(apx-soln)",yes,2.8976441800582493
200,0.1,"StochOptForest
(apx-soln)",yes,2.79519876280137
200,0.1,"StochOptForest
(apx-soln)",yes,1.9722592973083009
200,0.1,"StochOptForest
(apx-soln)",yes,2.7788790155693244
200,0.1,"StochOptForest
(apx-soln)",yes,2.2583813078298083
200,0.1,"StochOptForest
(apx-soln)",yes,3.1461763781218
200,0.1,"StochOptForest
(apx-soln)",yes,2.0259466818899
200,0.1,"StochOptForest
(apx-soln)",yes,3.619215344605175
200,0.1,"StochOptForest
(apx-soln)",yes,3.5671581547707616
200,0.1,"StochOptForest
(apx-soln)",yes,3.8347999863642763
200,0.1,"StochOptForest
(apx-soln)",yes,3.1425648476778463
200,0.1,"StochOptForest
(apx-soln)",yes,3.163717949576986
200,0.1,"StochOptForest
(apx-soln)",yes,4.1721631139336495
200,0.1,"StochOptForest
(apx-soln)",yes,3.9881521081702407
200,0.1,"StochOptForest
(apx-soln)",no,5.149373415257385
200,0.1,"StochOptForest
(apx-soln)",no,4.800031279041791
200,0.1,"StochOptForest
(apx-soln)",no,4.863121387568562
200,0.1,"StochOptForest
(apx-soln)",no,4.9425348033338805
200,0.1,"StochOptForest
(apx-soln)",no,4.906445425698981
200,0.1,"StochOptForest
(apx-soln)",no,4.704017559037779
200,0.1,"StochOptForest
(apx-soln)",no,4.433293685607847
200,0.1,"StochOptForest
(apx-soln)",no,4.783268691260134
200,0.1,"StochOptForest
(apx-soln)",no,4.692496766158353
200,0.1,"StochOptForest
(apx-soln)",no,5.786054866454856
200,0.1,"StochOptForest
(apx-soln)",no,4.954499007019589
200,0.1,"StochOptForest
(apx-soln)",no,4.894960895668909
200,0.1,"StochOptForest
(apx-soln)",no,4.493869368363794
200,0.1,"StochOptForest
(apx-soln)",no,5.506985324026374
200,0.1,"StochOptForest
(apx-soln)",no,5.159710126051267
200,0.1,"StochOptForest
(apx-soln)",no,5.062854607709556
200,0.1,"StochOptForest
(apx-soln)",no,4.98503033939981
200,0.1,"StochOptForest
(apx-soln)",no,4.7147965116012385
200,0.1,"StochOptForest
(apx-soln)",no,4.8528843605301875
200,0.1,"StochOptForest
(apx-soln)",no,5.022542358258693
200,0.1,"StochOptForest
(apx-soln)",no,4.763863429740101
200,0.1,"StochOptForest
(apx-soln)",no,5.249928025877208
200,0.1,"StochOptForest
(apx-soln)",no,5.125828478157319
200,0.1,"StochOptForest
(apx-soln)",no,5.410259359039344
200,0.1,"StochOptForest
(apx-soln)",no,4.94561734672105
200,0.1,"StochOptForest
(apx-soln)",no,4.610373895976824
200,0.1,"StochOptForest
(apx-soln)",no,4.813214959614361
200,0.1,"StochOptForest
(apx-soln)",no,4.643871372860238
200,0.1,"StochOptForest
(apx-soln)",no,4.982778711564026
200,0.1,"StochOptForest
(apx-soln)",no,4.98320577340916
200,0.1,"StochOptForest
(apx-soln)",no,4.896056151103738
200,0.1,"StochOptForest
(apx-soln)",no,5.176441558153776
200,0.1,"StochOptForest
(apx-soln)",no,5.3023515859437
200,0.1,"StochOptForest
(apx-soln)",no,4.859493992629217
200,0.1,"StochOptForest
(apx-soln)",no,5.164442448030201
200,0.1,"StochOptForest
(apx-soln)",no,5.220837393663316
200,0.1,"StochOptForest
(apx-soln)",no,5.01857097226296
200,0.1,"StochOptForest
(apx-soln)",no,5.064683156793967
200,0.1,"StochOptForest
(apx-soln)",no,4.738530609302042
200,0.1,"StochOptForest
(apx-soln)",no,4.89958832691773
200,0.1,"StochOptForest
(apx-soln)",no,4.701986671999343
200,0.1,"StochOptForest
(apx-soln)",no,5.245716324330342
200,0.1,"StochOptForest
(apx-soln)",no,4.720402256424546
200,0.1,"StochOptForest
(apx-soln)",no,4.631291517533268
200,0.1,"StochOptForest
(apx-soln)",no,4.998657737607237
200,0.1,"StochOptForest
(apx-soln)",no,4.612630245121314
200,0.1,"StochOptForest
(apx-soln)",no,4.478349846195947
200,0.1,"StochOptForest
(apx-soln)",no,5.117379842071619
200,0.1,"StochOptForest
(apx-soln)",no,4.91666028415452
200,0.1,"StochOptForest
(apx-soln)",no,5.546108552112015
200,0.1,"StochOptForest
(apx-risk)",yes,32.978000685949105
200,0.1,"StochOptForest
(apx-risk)",yes,2.653151717545851
200,0.1,"StochOptForest
(apx-risk)",yes,2.111990654575786
200,0.1,"StochOptForest
(apx-risk)",yes,2.255219457854104
200,0.1,"StochOptForest
(apx-risk)",yes,2.56558586709689
200,0.1,"StochOptForest
(apx-risk)",yes,2.626141263347125
200,0.1,"StochOptForest
(apx-risk)",yes,2.5794349715094382
200,0.1,"StochOptForest
(apx-risk)",yes,2.417560796148484
200,0.1,"StochOptForest
(apx-risk)",yes,3.549150819693937
200,0.1,"StochOptForest
(apx-risk)",yes,4.220321411877801
200,0.1,"StochOptForest
(apx-risk)",yes,2.760113954269352
200,0.1,"StochOptForest
(apx-risk)",yes,2.384176213531573
200,0.1,"StochOptForest
(apx-risk)",yes,3.0294260188559154
200,0.1,"StochOptForest
(apx-risk)",yes,3.2495605190270136
200,0.1,"StochOptForest
(apx-risk)",yes,3.109796006706223
200,0.1,"StochOptForest
(apx-risk)",yes,5.152555494370282
200,0.1,"StochOptForest
(apx-risk)",yes,3.5270500546970993
200,0.1,"StochOptForest
(apx-risk)",yes,2.6161157066332112
200,0.1,"StochOptForest
(apx-risk)",yes,2.7916555829547205
200,0.1,"StochOptForest
(apx-risk)",yes,3.744032169679368
200,0.1,"StochOptForest
(apx-risk)",yes,2.116718739898977
200,0.1,"StochOptForest
(apx-risk)",yes,2.622564431509596
200,0.1,"StochOptForest
(apx-risk)",yes,2.522641607096071
200,0.1,"StochOptForest
(apx-risk)",yes,4.716790368130793
200,0.1,"StochOptForest
(apx-risk)",yes,3.109736691068984
200,0.1,"StochOptForest
(apx-risk)",yes,1.9287308715998366
200,0.1,"StochOptForest
(apx-risk)",yes,2.51868409223884
200,0.1,"StochOptForest
(apx-risk)",yes,2.2232730964185645
200,0.1,"StochOptForest
(apx-risk)",yes,2.580926366785891
200,0.1,"StochOptForest
(apx-risk)",yes,1.8584667656301537
200,0.1,"StochOptForest
(apx-risk)",yes,3.4378850770341245
200,0.1,"StochOptForest
(apx-risk)",yes,2.757053303202473
200,0.1,"StochOptForest
(apx-risk)",yes,3.7943985651339203
200,0.1,"StochOptForest
(apx-risk)",yes,2.4072202027172778
200,0.1,"StochOptForest
(apx-risk)",yes,5.232153528694888
200,0.1,"StochOptForest
(apx-risk)",yes,3.640499260905143
200,0.1,"StochOptForest
(apx-risk)",yes,2.7499447123428054
200,0.1,"StochOptForest
(apx-risk)",yes,2.793411732946883
200,0.1,"StochOptForest
(apx-risk)",yes,2.0213353207140154
200,0.1,"StochOptForest
(apx-risk)",yes,2.293028327379578
200,0.1,"StochOptForest
(apx-risk)",yes,2.0995218803508005
200,0.1,"StochOptForest
(apx-risk)",yes,3.0114959321255435
200,0.1,"StochOptForest
(apx-risk)",yes,2.1041464517912667
200,0.1,"StochOptForest
(apx-risk)",yes,3.19760556603256
200,0.1,"StochOptForest
(apx-risk)",yes,3.559313384353889
200,0.1,"StochOptForest
(apx-risk)",yes,4.246466968814998
200,0.1,"StochOptForest
(apx-risk)",yes,3.093854371127624
200,0.1,"StochOptForest
(apx-risk)",yes,3.186617582760416
200,0.1,"StochOptForest
(apx-risk)",yes,4.660321140130424
200,0.1,"StochOptForest
(apx-risk)",yes,3.755605204231407
200,0.1,"StochOptForest
(apx-risk)",no,6.383688266544516
200,0.1,"StochOptForest
(apx-risk)",no,2.6792653303468366
200,0.1,"StochOptForest
(apx-risk)",no,2.1454785570028876
200,0.1,"StochOptForest
(apx-risk)",no,2.018416862400022
200,0.1,"StochOptForest
(apx-risk)",no,2.7211317023658665
200,0.1,"StochOptForest
(apx-risk)",no,4.169963041720852
200,0.1,"StochOptForest
(apx-risk)",no,3.674384025824856
200,0.1,"StochOptForest
(apx-risk)",no,2.601647878662229
200,0.1,"StochOptForest
(apx-risk)",no,3.080878532449603
200,0.1,"StochOptForest
(apx-risk)",no,3.853748164433898
200,0.1,"StochOptForest
(apx-risk)",no,3.6219005427315016
200,0.1,"StochOptForest
(apx-risk)",no,2.8956119361924872
200,0.1,"StochOptForest
(apx-risk)",no,2.6590260704069384
200,0.1,"StochOptForest
(apx-risk)",no,3.2316490170522094
200,0.1,"StochOptForest
(apx-risk)",no,2.789881567866158
200,0.1,"StochOptForest
(apx-risk)",no,7.67140759876345
200,0.1,"StochOptForest
(apx-risk)",no,5.975637477857996
200,0.1,"StochOptForest
(apx-risk)",no,2.8575531388570905
200,0.1,"StochOptForest
(apx-risk)",no,3.188584803552979
200,0.1,"StochOptForest
(apx-risk)",no,3.87265884379317
200,0.1,"StochOptForest
(apx-risk)",no,2.2634890516808737
200,0.1,"StochOptForest
(apx-risk)",no,2.3911744898548353
200,0.1,"StochOptForest
(apx-risk)",no,2.5819760615737994
200,0.1,"StochOptForest
(apx-risk)",no,3.058796256872574
200,0.1,"StochOptForest
(apx-risk)",no,4.030916075927512
200,0.1,"StochOptForest
(apx-risk)",no,1.8720687565162926
200,0.1,"StochOptForest
(apx-risk)",no,2.7702861105831946
200,0.1,"StochOptForest
(apx-risk)",no,2.143335845291893
200,0.1,"StochOptForest
(apx-risk)",no,2.6425681001394206
200,0.1,"StochOptForest
(apx-risk)",no,2.1385124123984354
200,0.1,"StochOptForest
(apx-risk)",no,3.6268437096565287
200,0.1,"StochOptForest
(apx-risk)",no,2.8763055186695086
200,0.1,"StochOptForest
(apx-risk)",no,2.737650769987036
200,0.1,"StochOptForest
(apx-risk)",no,2.4864886474267234
200,0.1,"StochOptForest
(apx-risk)",no,4.611770695429249
200,0.1,"StochOptForest
(apx-risk)",no,3.0799614713049976
200,0.1,"StochOptForest
(apx-risk)",no,3.2840792608717995
200,0.1,"StochOptForest
(apx-risk)",no,2.8524743298601916
200,0.1,"StochOptForest
(apx-risk)",no,2.005467949878613
200,0.1,"StochOptForest
(apx-risk)",no,3.935889868169992
200,0.1,"StochOptForest
(apx-risk)",no,2.220064046414503
200,0.1,"StochOptForest
(apx-risk)",no,2.721916901318224
200,0.1,"StochOptForest
(apx-risk)",no,2.334526590645713
200,0.1,"StochOptForest
(apx-risk)",no,3.6774645250818834
200,0.1,"StochOptForest
(apx-risk)",no,3.7324207954038986
200,0.1,"StochOptForest
(apx-risk)",no,5.555504198935159
200,0.1,"StochOptForest
(apx-risk)",no,3.2298465882431664
200,0.1,"StochOptForest
(apx-risk)",no,2.864286738135886
200,0.1,"StochOptForest
(apx-risk)",no,4.689302132976409
200,0.1,"StochOptForest
(apx-risk)",no,2.8781505984766587
200,0.1,RandSplitForest,no,4.926812435562588
200,0.1,RandSplitForest,no,4.658364445467751
200,0.1,RandSplitForest,no,4.638976748038027
200,0.1,RandSplitForest,no,4.711113920741946
200,0.1,RandSplitForest,no,4.72161761408135
200,0.1,RandSplitForest,no,4.538550207681923
200,0.1,RandSplitForest,no,4.378496125240532
200,0.1,RandSplitForest,no,4.645483620385737
200,0.1,RandSplitForest,no,4.573542676611834
200,0.1,RandSplitForest,no,5.706652726021584
200,0.1,RandSplitForest,no,4.7969964827414024
200,0.1,RandSplitForest,no,4.694157713653596
200,0.1,RandSplitForest,no,4.282340002092366
200,0.1,RandSplitForest,no,5.223759638196113
200,0.1,RandSplitForest,no,4.980429740260164
200,0.1,RandSplitForest,no,4.950044216485762
200,0.1,RandSplitForest,no,4.869055962859078
200,0.1,RandSplitForest,no,4.600317618011392
200,0.1,RandSplitForest,no,4.814715480237163
200,0.1,RandSplitForest,no,4.867989617813571
200,0.1,RandSplitForest,no,4.522589944210675
200,0.1,RandSplitForest,no,4.923826967889426
200,0.1,RandSplitForest,no,5.00595068062624
200,0.1,RandSplitForest,no,5.34235951869902
200,0.1,RandSplitForest,no,4.83031664348779
200,0.1,RandSplitForest,no,4.390984234361729
200,0.1,RandSplitForest,no,4.712133162883787
200,0.1,RandSplitForest,no,4.526058134813818
200,0.1,RandSplitForest,no,4.645242518802787
200,0.1,RandSplitForest,no,4.710191069889775
200,0.1,RandSplitForest,no,4.876195664099182
200,0.1,RandSplitForest,no,4.885127373754314
200,0.1,RandSplitForest,no,5.097188343091375
200,0.1,RandSplitForest,no,4.586452228932384
200,0.1,RandSplitForest,no,5.0444919767786125
200,0.1,RandSplitForest,no,5.058370116696077
200,0.1,RandSplitForest,no,4.951740592513393
200,0.1,RandSplitForest,no,4.829804264740541
200,0.1,RandSplitForest,no,4.509034244016023
200,0.1,RandSplitForest,no,4.764819107185328
200,0.1,RandSplitForest,no,4.470044105850258
200,0.1,RandSplitForest,no,5.04876236388961
200,0.1,RandSplitForest,no,4.41452489191917
200,0.1,RandSplitForest,no,4.640715866452237
200,0.1,RandSplitForest,no,4.768923733611554
200,0.1,RandSplitForest,no,4.423224627367688
200,0.1,RandSplitForest,no,4.406593023467453
200,0.1,RandSplitForest,no,4.977277018858658
200,0.1,RandSplitForest,no,4.723241748862538
200,0.1,RandSplitForest,no,5.4078513136309985
200,0.1,RandForest,no,5.3549421990430695
200,0.1,RandForest,no,5.025014299180579
200,0.1,RandForest,no,4.738168295347812
200,0.1,RandForest,no,4.704749132611058
200,0.1,RandForest,no,5.808641164674481
200,0.1,RandForest,no,4.760942849356982
200,0.1,RandForest,no,6.021178396938053
200,0.1,RandForest,no,4.795619897577311
200,0.1,RandForest,no,5.0693641553172135
200,0.1,RandForest,no,5.296956702882144
200,0.1,RandForest,no,5.130807076289704
200,0.1,RandForest,no,6.692257660637864
200,0.1,RandForest,no,5.017851462010866
200,0.1,RandForest,no,5.4022966333036235
200,0.1,RandForest,no,5.055484975879755
200,0.1,RandForest,no,11.105891544039189
200,0.1,RandForest,no,7.819357239082073
200,0.1,RandForest,no,5.901366567873834
200,0.1,RandForest,no,7.136621491441543
200,0.1,RandForest,no,5.476132992168695
200,0.1,RandForest,no,4.884523263490019
200,0.1,RandForest,no,5.317730527724445
200,0.1,RandForest,no,5.10951342989991
200,0.1,RandForest,no,6.647782372967521
200,0.1,RandForest,no,5.198809094607153
200,0.1,RandForest,no,4.630078301576267
200,0.1,RandForest,no,5.503922642725074
200,0.1,RandForest,no,5.001760191700769
200,0.1,RandForest,no,4.587258450864667
200,0.1,RandForest,no,5.034945261013283
200,0.1,RandForest,no,5.83554780909449
200,0.1,RandForest,no,5.363742511487608
200,0.1,RandForest,no,5.55598957071088
200,0.1,RandForest,no,4.625941320517873
200,0.1,RandForest,no,7.073964159020949
200,0.1,RandForest,no,5.189585058100209
200,0.1,RandForest,no,13.931295574301258
200,0.1,RandForest,no,14.636058742398516
200,0.1,RandForest,no,4.20813055602408
200,0.1,RandForest,no,7.378488413154582
200,0.1,RandForest,no,5.165550236721126
200,0.1,RandForest,no,4.980002616704392
200,0.1,RandForest,no,4.647958415416473
200,0.1,RandForest,no,7.454180947459551
200,0.1,RandForest,no,5.661989401512377
200,0.1,RandForest,no,11.071218420755013
200,0.1,RandForest,no,4.721164928743851
200,0.1,RandForest,no,5.231085749401059
200,0.1,RandForest,no,7.796753862536778
200,0.1,RandForest,no,5.135014566711353
400,0.1,"StochOptForest
(apx-soln)",yes,1.8223962078803453
400,0.1,"StochOptForest
(apx-soln)",yes,2.1639596474787144
400,0.1,"StochOptForest
(apx-soln)",yes,2.283162039616509
400,0.1,"StochOptForest
(apx-soln)",yes,2.3667928932483915
400,0.1,"StochOptForest
(apx-soln)",yes,4.150449937446397
400,0.1,"StochOptForest
(apx-soln)",yes,2.015891064489226
400,0.1,"StochOptForest
(apx-soln)",yes,2.2160824600649263
400,0.1,"StochOptForest
(apx-soln)",yes,2.0500824232793438
400,0.1,"StochOptForest
(apx-soln)",yes,2.1760809606881684
400,0.1,"StochOptForest
(apx-soln)",yes,1.9776041865101477
400,0.1,"StochOptForest
(apx-soln)",yes,2.3237107521238176
400,0.1,"StochOptForest
(apx-soln)",yes,1.9990342422987113
400,0.1,"StochOptForest
(apx-soln)",yes,2.3427922337619767
400,0.1,"StochOptForest
(apx-soln)",yes,2.1004420488001636
400,0.1,"StochOptForest
(apx-soln)",yes,2.871907383455912
400,0.1,"StochOptForest
(apx-soln)",yes,1.6783897280223823
400,0.1,"StochOptForest
(apx-soln)",yes,2.08927584017719
400,0.1,"StochOptForest
(apx-soln)",yes,1.6459640960388537
400,0.1,"StochOptForest
(apx-soln)",yes,2.902838779815884
400,0.1,"StochOptForest
(apx-soln)",yes,2.0253402697315344
400,0.1,"StochOptForest
(apx-soln)",yes,2.896780202503633
400,0.1,"StochOptForest
(apx-soln)",yes,2.520195625427813
400,0.1,"StochOptForest
(apx-soln)",yes,1.9922514405340612
400,0.1,"StochOptForest
(apx-soln)",yes,2.5762685705488866
400,0.1,"StochOptForest
(apx-soln)",yes,2.398835814292865
400,0.1,"StochOptForest
(apx-soln)",yes,3.5244731845977397
400,0.1,"StochOptForest
(apx-soln)",yes,2.6860494677281754
400,0.1,"StochOptForest
(apx-soln)",yes,2.919213738581489
400,0.1,"StochOptForest
(apx-soln)",yes,1.7236522409149069
400,0.1,"StochOptForest
(apx-soln)",yes,1.6444033907223679
400,0.1,"StochOptForest
(apx-soln)",yes,1.6384954110465901
400,0.1,"StochOptForest
(apx-soln)",yes,1.925377759351093
400,0.1,"StochOptForest
(apx-soln)",yes,2.742366233162827
400,0.1,"StochOptForest
(apx-soln)",yes,2.132904255600434
400,0.1,"StochOptForest
(apx-soln)",yes,3.1665369320443775
400,0.1,"StochOptForest
(apx-soln)",yes,2.168961888739801
400,0.1,"StochOptForest
(apx-soln)",yes,4.701331356065767
400,0.1,"StochOptForest
(apx-soln)",yes,2.9943725033303834
400,0.1,"StochOptForest
(apx-soln)",yes,1.6706206335017146
400,0.1,"StochOptForest
(apx-soln)",yes,2.395271494841849
400,0.1,"StochOptForest
(apx-soln)",yes,2.4605371866803885
400,0.1,"StochOptForest
(apx-soln)",yes,2.4101901936554184
400,0.1,"StochOptForest
(apx-soln)",yes,2.8817118449447925
400,0.1,"StochOptForest
(apx-soln)",yes,3.4962642453221724
400,0.1,"StochOptForest
(apx-soln)",yes,3.4299274635595385
400,0.1,"StochOptForest
(apx-soln)",yes,3.063627583374907
400,0.1,"StochOptForest
(apx-soln)",yes,2.836470419076885
400,0.1,"StochOptForest
(apx-soln)",yes,2.54014991976323
400,0.1,"StochOptForest
(apx-soln)",yes,1.9947869513107037
400,0.1,"StochOptForest
(apx-soln)",yes,1.7682925994060454
400,0.1,"StochOptForest
(apx-soln)",no,5.035518881101566
400,0.1,"StochOptForest
(apx-soln)",no,4.42442751122808
400,0.1,"StochOptForest
(apx-soln)",no,4.785235516832002
400,0.1,"StochOptForest
(apx-soln)",no,4.8649383169883444
400,0.1,"StochOptForest
(apx-soln)",no,4.274325132304959
400,0.1,"StochOptForest
(apx-soln)",no,4.544756052372964
400,0.1,"StochOptForest
(apx-soln)",no,4.701212124143031
400,0.1,"StochOptForest
(apx-soln)",no,4.733702112092676
400,0.1,"StochOptForest
(apx-soln)",no,4.858482213335646
400,0.1,"StochOptForest
(apx-soln)",no,4.3507853564090455
400,0.1,"StochOptForest
(apx-soln)",no,4.399945239400788
400,0.1,"StochOptForest
(apx-soln)",no,4.642567115700123
400,0.1,"StochOptForest
(apx-soln)",no,4.830405726988323
400,0.1,"StochOptForest
(apx-soln)",no,4.565187095256536
400,0.1,"StochOptForest
(apx-soln)",no,5.055357075152284
400,0.1,"StochOptForest
(apx-soln)",no,4.809237090670591
400,0.1,"StochOptForest
(apx-soln)",no,4.87195428110792
400,0.1,"StochOptForest
(apx-soln)",no,4.889973489736542
400,0.1,"StochOptForest
(apx-soln)",no,5.281130530689406
400,0.1,"StochOptForest
(apx-soln)",no,5.117469922857242
400,0.1,"StochOptForest
(apx-soln)",no,4.929228801071436
400,0.1,"StochOptForest
(apx-soln)",no,4.73924957333087
400,0.1,"StochOptForest
(apx-soln)",no,4.829092167857947
400,0.1,"StochOptForest
(apx-soln)",no,4.754444791976536
400,0.1,"StochOptForest
(apx-soln)",no,4.911608403100473
400,0.1,"StochOptForest
(apx-soln)",no,4.705254321604624
400,0.1,"StochOptForest
(apx-soln)",no,4.8829322559596955
400,0.1,"StochOptForest
(apx-soln)",no,5.10761179922157
400,0.1,"StochOptForest
(apx-soln)",no,4.675592524710255
400,0.1,"StochOptForest
(apx-soln)",no,4.876218578978967
400,0.1,"StochOptForest
(apx-soln)",no,5.032925778129667
400,0.1,"StochOptForest
(apx-soln)",no,4.782633030142655
400,0.1,"StochOptForest
(apx-soln)",no,4.5745954482148194
400,0.1,"StochOptForest
(apx-soln)",no,4.793143413110658
400,0.1,"StochOptForest
(apx-soln)",no,4.420920169736805
400,0.1,"StochOptForest
(apx-soln)",no,4.8278825326313815
400,0.1,"StochOptForest
(apx-soln)",no,5.177409414480463
400,0.1,"StochOptForest
(apx-soln)",no,4.792184022778068
400,0.1,"StochOptForest
(apx-soln)",no,4.577263947584155
400,0.1,"StochOptForest
(apx-soln)",no,4.8680273676290895
400,0.1,"StochOptForest
(apx-soln)",no,4.618960481922821
400,0.1,"StochOptForest
(apx-soln)",no,4.783828256656424
400,0.1,"StochOptForest
(apx-soln)",no,4.137322155084917
400,0.1,"StochOptForest
(apx-soln)",no,4.894054476453763
400,0.1,"StochOptForest
(apx-soln)",no,5.281619560288561
400,0.1,"StochOptForest
(apx-soln)",no,4.8725930742930395
400,0.1,"StochOptForest
(apx-soln)",no,5.144113705208461
400,0.1,"StochOptForest
(apx-soln)",no,4.864627849882222
400,0.1,"StochOptForest
(apx-soln)",no,4.917141626173571
400,0.1,"StochOptForest
(apx-soln)",no,4.665602405050765
400,0.1,"StochOptForest
(apx-risk)",yes,2.0584599636345264
400,0.1,"StochOptForest
(apx-risk)",yes,2.4940908265641766
400,0.1,"StochOptForest
(apx-risk)",yes,2.041735079141206
400,0.1,"StochOptForest
(apx-risk)",yes,3.4032576979682343
400,0.1,"StochOptForest
(apx-risk)",yes,6.023667178965809
400,0.1,"StochOptForest
(apx-risk)",yes,2.054797019442923
400,0.1,"StochOptForest
(apx-risk)",yes,2.102965081592858
400,0.1,"StochOptForest
(apx-risk)",yes,2.6115446823833337
400,0.1,"StochOptForest
(apx-risk)",yes,2.0059133274855365
400,0.1,"StochOptForest
(apx-risk)",yes,2.3074967692823125
400,0.1,"StochOptForest
(apx-risk)",yes,2.5252685443104483
400,0.1,"StochOptForest
(apx-risk)",yes,1.8217670509489903
400,0.1,"StochOptForest
(apx-risk)",yes,2.3948856079300174
400,0.1,"StochOptForest
(apx-risk)",yes,2.1085883339254092
400,0.1,"StochOptForest
(apx-risk)",yes,3.0041004500821082
400,0.1,"StochOptForest
(apx-risk)",yes,2.0373703444329307
400,0.1,"StochOptForest
(apx-risk)",yes,1.9134181858062944
400,0.1,"StochOptForest
(apx-risk)",yes,1.6888760824842493
400,0.1,"StochOptForest
(apx-risk)",yes,2.5028975680285974
400,0.1,"StochOptForest
(apx-risk)",yes,2.248406269624617
400,0.1,"StochOptForest
(apx-risk)",yes,2.5401994917879516
400,0.1,"StochOptForest
(apx-risk)",yes,2.3153982142218212
400,0.1,"StochOptForest
(apx-risk)",yes,1.8577292573447814
400,0.1,"StochOptForest
(apx-risk)",yes,2.366253767587251
400,0.1,"StochOptForest
(apx-risk)",yes,1.9604123565719482
400,0.1,"StochOptForest
(apx-risk)",yes,3.172883199517351
400,0.1,"StochOptForest
(apx-risk)",yes,2.524495159913538
400,0.1,"StochOptForest
(apx-risk)",yes,2.642535803792711
400,0.1,"StochOptForest
(apx-risk)",yes,2.071343245955899
400,0.1,"StochOptForest
(apx-risk)",yes,2.0438365572077752
400,0.1,"StochOptForest
(apx-risk)",yes,1.6810486870149601
400,0.1,"StochOptForest
(apx-risk)",yes,1.700872160682843
400,0.1,"StochOptForest
(apx-risk)",yes,2.613321917803997
400,0.1,"StochOptForest
(apx-risk)",yes,2.338877758107481
400,0.1,"StochOptForest
(apx-risk)",yes,3.2027836857160854
400,0.1,"StochOptForest
(apx-risk)",yes,4.532715613106856
400,0.1,"StochOptForest
(apx-risk)",yes,4.144733273095841
400,0.1,"StochOptForest
(apx-risk)",yes,2.658163424023962
400,0.1,"StochOptForest
(apx-risk)",yes,1.9309965068216939
400,0.1,"StochOptForest
(apx-risk)",yes,2.3544995496773304
400,0.1,"StochOptForest
(apx-risk)",yes,2.2021807312968953
400,0.1,"StochOptForest
(apx-risk)",yes,2.679538118206031
400,0.1,"StochOptForest
(apx-risk)",yes,2.604798402818239
400,0.1,"StochOptForest
(apx-risk)",yes,3.694484236615141
400,0.1,"StochOptForest
(apx-risk)",yes,2.5064505073260417
400,0.1,"StochOptForest
(apx-risk)",yes,2.7661459841970615
400,0.1,"StochOptForest
(apx-risk)",yes,2.661033253255182
400,0.1,"StochOptForest
(apx-risk)",yes,2.248009504287049
400,0.1,"StochOptForest
(apx-risk)",yes,1.941767182987385
400,0.1,"StochOptForest
(apx-risk)",yes,1.7853529338523688
400,0.1,"StochOptForest
(apx-risk)",no,3.1942787145791924
400,0.1,"StochOptForest
(apx-risk)",no,3.0855589583858976
400,0.1,"StochOptForest
(apx-risk)",no,1.872129567652076
400,0.1,"StochOptForest
(apx-risk)",no,2.6538641254494792
400,0.1,"StochOptForest
(apx-risk)",no,6.081712649987612
400,0.1,"StochOptForest
(apx-risk)",no,2.0588512688556744
400,0.1,"StochOptForest
(apx-risk)",no,2.381441152705347
400,0.1,"StochOptForest
(apx-risk)",no,3.3838662599730895
400,0.1,"StochOptForest
(apx-risk)",no,3.695090068067539
400,0.1,"StochOptForest
(apx-risk)",no,2.4880696299763834
400,0.1,"StochOptForest
(apx-risk)",no,2.964223540406396
400,0.1,"StochOptForest
(apx-risk)",no,1.7912419238684893
400,0.1,"StochOptForest
(apx-risk)",no,3.0312067433114396
400,0.1,"StochOptForest
(apx-risk)",no,3.1085087241730185
400,0.1,"StochOptForest
(apx-risk)",no,4.833923508504596
400,0.1,"StochOptForest
(apx-risk)",no,2.225913136673001
400,0.1,"StochOptForest
(apx-risk)",no,2.045610701109973
400,0.1,"StochOptForest
(apx-risk)",no,1.998402086165054
400,0.1,"StochOptForest
(apx-risk)",no,2.866207505761837
400,0.1,"StochOptForest
(apx-risk)",no,3.1352186613929645
400,0.1,"StochOptForest
(apx-risk)",no,2.706115648177946
400,0.1,"StochOptForest
(apx-risk)",no,2.448526117208744
400,0.1,"StochOptForest
(apx-risk)",no,2.005805410030317
400,0.1,"StochOptForest
(apx-risk)",no,2.7871329327500076
400,0.1,"StochOptForest
(apx-risk)",no,2.1013070204462654
400,0.1,"StochOptForest
(apx-risk)",no,2.486438435134873
400,0.1,"StochOptForest
(apx-risk)",no,3.135247023425075
400,0.1,"StochOptForest
(apx-risk)",no,3.1992577227886803
400,0.1,"StochOptForest
(apx-risk)",no,2.620050802999756
400,0.1,"StochOptForest
(apx-risk)",no,2.5566457805872846
400,0.1,"StochOptForest
(apx-risk)",no,1.8707853163999237
400,0.1,"StochOptForest
(apx-risk)",no,1.8589184078065173
400,0.1,"StochOptForest
(apx-risk)",no,4.092178069908077
400,0.1,"StochOptForest
(apx-risk)",no,2.661164264792695
400,0.1,"StochOptForest
(apx-risk)",no,3.70323636556648
400,0.1,"StochOptForest
(apx-risk)",no,6.300253160063274
400,0.1,"StochOptForest
(apx-risk)",no,4.021377689610345
400,0.1,"StochOptForest
(apx-risk)",no,2.5492386566631065
400,0.1,"StochOptForest
(apx-risk)",no,4.022947929520333
400,0.1,"StochOptForest
(apx-risk)",no,2.8359560259861314
400,0.1,"StochOptForest
(apx-risk)",no,2.329718816108254
400,0.1,"StochOptForest
(apx-risk)",no,3.7960645824948016
400,0.1,"StochOptForest
(apx-risk)",no,2.9226014750136913
400,0.1,"StochOptForest
(apx-risk)",no,3.9781769498350825
400,0.1,"StochOptForest
(apx-risk)",no,2.5650601888554756
400,0.1,"StochOptForest
(apx-risk)",no,2.730711605721715
400,0.1,"StochOptForest
(apx-risk)",no,3.514901891887823
400,0.1,"StochOptForest
(apx-risk)",no,2.1082132160936915
400,0.1,"StochOptForest
(apx-risk)",no,2.020609299868949
400,0.1,"StochOptForest
(apx-risk)",no,2.9076292950664286
400,0.1,RandSplitForest,no,4.740295384705245
400,0.1,RandSplitForest,no,4.159178118620518
400,0.1,RandSplitForest,no,4.500675300345964
400,0.1,RandSplitForest,no,4.564413295307614
400,0.1,RandSplitForest,no,4.195910807857424
400,0.1,RandSplitForest,no,4.226090809573231
400,0.1,RandSplitForest,no,4.500785088580614
400,0.1,RandSplitForest,no,4.527892254669197
400,0.1,RandSplitForest,no,4.656299394743579
400,0.1,RandSplitForest,no,4.1067700971155965
400,0.1,RandSplitForest,no,4.088787187953199
400,0.1,RandSplitForest,no,4.31134340698948
400,0.1,RandSplitForest,no,4.620858379271239
400,0.1,RandSplitForest,no,4.287433592808012
400,0.1,RandSplitForest,no,4.728197678593283
400,0.1,RandSplitForest,no,4.476741268688391
400,0.1,RandSplitForest,no,4.475329321230947
400,0.1,RandSplitForest,no,4.513118448549246
400,0.1,RandSplitForest,no,4.960148961027858
400,0.1,RandSplitForest,no,4.842091912255834
400,0.1,RandSplitForest,no,4.646318862409173
400,0.1,RandSplitForest,no,4.481776752183632
400,0.1,RandSplitForest,no,4.450183830715973
400,0.1,RandSplitForest,no,4.397716523974508
400,0.1,RandSplitForest,no,4.678406479864607
400,0.1,RandSplitForest,no,4.476018600544816
400,0.1,RandSplitForest,no,4.525334438922644
400,0.1,RandSplitForest,no,4.932792936196816
400,0.1,RandSplitForest,no,4.43855931509648
400,0.1,RandSplitForest,no,4.545646604089997
400,0.1,RandSplitForest,no,4.72626082915603
400,0.1,RandSplitForest,no,4.454403068662749
400,0.1,RandSplitForest,no,4.390845001509759
400,0.1,RandSplitForest,no,4.56249065789014
400,0.1,RandSplitForest,no,4.311988988976409
400,0.1,RandSplitForest,no,4.593179524707032
400,0.1,RandSplitForest,no,4.925231657723159
400,0.1,RandSplitForest,no,4.6722130871857
400,0.1,RandSplitForest,no,4.29669185978399
400,0.1,RandSplitForest,no,4.652551610158886
400,0.1,RandSplitForest,no,4.373800134938285
400,0.1,RandSplitForest,no,4.42260160989444
400,0.1,RandSplitForest,no,3.9413573223363296
400,0.1,RandSplitForest,no,4.567312622001715
400,0.1,RandSplitForest,no,4.947508027522767
400,0.1,RandSplitForest,no,4.708444379564868
400,0.1,RandSplitForest,no,4.889275515096329
400,0.1,RandSplitForest,no,4.5235488763605955
400,0.1,RandSplitForest,no,4.6785081428778845
400,0.1,RandSplitForest,no,4.391647486259536
400,0.1,RandForest,no,6.377618435194706
400,0.1,RandForest,no,6.529310459913541
400,0.1,RandForest,no,4.670352921811282
400,0.1,RandForest,no,5.261467901040983
400,0.1,RandForest,no,6.749983447694957
400,0.1,RandForest,no,4.629123148897996
400,0.1,RandForest,no,5.0457078068471555
400,0.1,RandForest,no,5.773189838895879
400,0.1,RandForest,no,5.516812619632167
400,0.1,RandForest,no,4.178192498791753
400,0.1,RandForest,no,4.585443884074041
400,0.1,RandForest,no,4.907471148686242
400,0.1,RandForest,no,5.808210366349297
400,0.1,RandForest,no,6.027936352015562
400,0.1,RandForest,no,5.37111348853918
400,0.1,RandForest,no,4.948919777887016
400,0.1,RandForest,no,5.442816178694158
400,0.1,RandForest,no,4.784551003065154
400,0.1,RandForest,no,7.636838513625069
400,0.1,RandForest,no,5.0588216549158025
400,0.1,RandForest,no,4.94445429900826
400,0.1,RandForest,no,4.801625841759707
400,0.1,RandForest,no,4.507350973171574
400,0.1,RandForest,no,5.0095009403021775
400,0.1,RandForest,no,4.900598233670801
400,0.1,RandForest,no,5.836839084980619
400,0.1,RandForest,no,4.9640898183923134
400,0.1,RandForest,no,19.000118978853106
400,0.1,RandForest,no,5.027459554155228
400,0.1,RandForest,no,5.347353502459684
400,0.1,RandForest,no,4.854453114253222
400,0.1,RandForest,no,8.233087624875596
400,0.1,RandForest,no,9.960569748045842
400,0.1,RandForest,no,4.904231959101756
400,0.1,RandForest,no,7.228401968629629
400,0.1,RandForest,no,10.216094067853843
400,0.1,RandForest,no,7.020959688138383
400,0.1,RandForest,no,11.248196463432528
400,0.1,RandForest,no,5.255127559180558
400,0.1,RandForest,no,4.982235016835707
400,0.1,RandForest,no,4.989760687303647
400,0.1,RandForest,no,4.508165403531252
400,0.1,RandForest,no,4.73071088156027
400,0.1,RandForest,no,12.62839391845865
400,0.1,RandForest,no,6.1296808473650435
400,0.1,RandForest,no,11.774369591604092
400,0.1,RandForest,no,5.777821033463303
400,0.1,RandForest,no,4.931805127807647
400,0.1,RandForest,no,4.83366584259137
400,0.1,RandForest,no,5.015581895599856
800,0.1,"StochOptForest
(apx-soln)",yes,1.7633442196737301
800,0.1,"StochOptForest
(apx-soln)",yes,1.5854062436559704
800,0.1,"StochOptForest
(apx-soln)",yes,3.141607846903058
800,0.1,"StochOptForest
(apx-soln)",yes,2.4978617353700705
800,0.1,"StochOptForest
(apx-soln)",yes,1.996983179166631
800,0.1,"StochOptForest
(apx-soln)",yes,2.032221546020441
800,0.1,"StochOptForest
(apx-soln)",yes,2.3441518373835906
800,0.1,"StochOptForest
(apx-soln)",yes,1.7629531009568549
800,0.1,"StochOptForest
(apx-soln)",yes,2.545435555532253
800,0.1,"StochOptForest
(apx-soln)",yes,2.034316183743041
800,0.1,"StochOptForest
(apx-soln)",yes,1.8671707163577569
800,0.1,"StochOptForest
(apx-soln)",yes,2.0412884349320937
800,0.1,"StochOptForest
(apx-soln)",yes,2.053551249759148
800,0.1,"StochOptForest
(apx-soln)",yes,2.09771523601622
800,0.1,"StochOptForest
(apx-soln)",yes,1.6161326743403035
800,0.1,"StochOptForest
(apx-soln)",yes,2.368090150173027
800,0.1,"StochOptForest
(apx-soln)",yes,2.2373662333892286
800,0.1,"StochOptForest
(apx-soln)",yes,2.3096223987340094
800,0.1,"StochOptForest
(apx-soln)",yes,2.0911775423425887
800,0.1,"StochOptForest
(apx-soln)",yes,2.0075676341833715
800,0.1,"StochOptForest
(apx-soln)",yes,2.129130345271242
800,0.1,"StochOptForest
(apx-soln)",yes,2.1268746838901134
800,0.1,"StochOptForest
(apx-soln)",yes,2.1134429955743563
800,0.1,"StochOptForest
(apx-soln)",yes,2.241932787402221
800,0.1,"StochOptForest
(apx-soln)",yes,2.403177912886431
800,0.1,"StochOptForest
(apx-soln)",yes,3.3305831945667257
800,0.1,"StochOptForest
(apx-soln)",yes,2.088516691361238
800,0.1,"StochOptForest
(apx-soln)",yes,1.3207291050236847
800,0.1,"StochOptForest
(apx-soln)",yes,1.7603252717476636
800,0.1,"StochOptForest
(apx-soln)",yes,2.06858245782856
800,0.1,"StochOptForest
(apx-soln)",yes,2.607634543557534
800,0.1,"StochOptForest
(apx-soln)",yes,1.8187592516476716
800,0.1,"StochOptForest
(apx-soln)",yes,2.1630875842118638
800,0.1,"StochOptForest
(apx-soln)",yes,2.205842866738969
800,0.1,"StochOptForest
(apx-soln)",yes,1.5166635677298057
800,0.1,"StochOptForest
(apx-soln)",yes,1.9609837881266912
800,0.1,"StochOptForest
(apx-soln)",yes,1.7648101276047345
800,0.1,"StochOptForest
(apx-soln)",yes,2.129560823322067
800,0.1,"StochOptForest
(apx-soln)",yes,2.12045570687855
800,0.1,"StochOptForest
(apx-soln)",yes,2.883693825165628
800,0.1,"StochOptForest
(apx-soln)",yes,2.0245970588428657
800,0.1,"StochOptForest
(apx-soln)",yes,1.9680954332942837
800,0.1,"StochOptForest
(apx-soln)",yes,2.2446463226602056
800,0.1,"StochOptForest
(apx-soln)",yes,1.8414079086926594
800,0.1,"StochOptForest
(apx-soln)",yes,2.3698784670685376
800,0.1,"StochOptForest
(apx-soln)",yes,1.731415830211845
800,0.1,"StochOptForest
(apx-soln)",yes,1.670505667552616
800,0.1,"StochOptForest
(apx-soln)",yes,1.5832528213895656
800,0.1,"StochOptForest
(apx-soln)",yes,1.9541184223736994
800,0.1,"StochOptForest
(apx-soln)",yes,1.7533412183093082
800,0.1,"StochOptForest
(apx-soln)",no,4.29295091160844
800,0.1,"StochOptForest
(apx-soln)",no,4.458522296950343
800,0.1,"StochOptForest
(apx-soln)",no,4.661632739240723
800,0.1,"StochOptForest
(apx-soln)",no,4.708941741595787
800,0.1,"StochOptForest
(apx-soln)",no,5.204749473179585
800,0.1,"StochOptForest
(apx-soln)",no,4.519651984323021
800,0.1,"StochOptForest
(apx-soln)",no,4.27805017772926
800,0.1,"StochOptForest
(apx-soln)",no,4.977334626581023
800,0.1,"StochOptForest
(apx-soln)",no,5.314606031419061
800,0.1,"StochOptForest
(apx-soln)",no,5.706135466126724
800,0.1,"StochOptForest
(apx-soln)",no,4.8540725973228325
800,0.1,"StochOptForest
(apx-soln)",no,5.066281951875227
800,0.1,"StochOptForest
(apx-soln)",no,4.969003961942191
800,0.1,"StochOptForest
(apx-soln)",no,4.854834555830473
800,0.1,"StochOptForest
(apx-soln)",no,4.950254785695798
800,0.1,"StochOptForest
(apx-soln)",no,5.302638535791454
800,0.1,"StochOptForest
(apx-soln)",no,4.459495483454111
800,0.1,"StochOptForest
(apx-soln)",no,4.662234403569194
800,0.1,"StochOptForest
(apx-soln)",no,4.662812446367027
800,0.1,"StochOptForest
(apx-soln)",no,4.81429842930969
800,0.1,"StochOptForest
(apx-soln)",no,4.7452067617344555
800,0.1,"StochOptForest
(apx-soln)",no,4.903336819976005
800,0.1,"StochOptForest
(apx-soln)",no,4.464661575460254
800,0.1,"StochOptForest
(apx-soln)",no,4.6595618612611425
800,0.1,"StochOptForest
(apx-soln)",no,4.856435218037835
800,0.1,"StochOptForest
(apx-soln)",no,4.90423235599226
800,0.1,"StochOptForest
(apx-soln)",no,4.627035071793258
800,0.1,"StochOptForest
(apx-soln)",no,4.6194586030676055
800,0.1,"StochOptForest
(apx-soln)",no,4.787595925951475
800,0.1,"StochOptForest
(apx-soln)",no,4.771764596179283
800,0.1,"StochOptForest
(apx-soln)",no,4.997216194817735
800,0.1,"StochOptForest
(apx-soln)",no,4.987896354903326
800,0.1,"StochOptForest
(apx-soln)",no,4.8616661048347165
800,0.1,"StochOptForest
(apx-soln)",no,4.71756264848574
800,0.1,"StochOptForest
(apx-soln)",no,4.716096848725687
800,0.1,"StochOptForest
(apx-soln)",no,4.64045103096463
800,0.1,"StochOptForest
(apx-soln)",no,4.58913320135864
800,0.1,"StochOptForest
(apx-soln)",no,4.319649352503916
800,0.1,"StochOptForest
(apx-soln)",no,4.958523335904561
800,0.1,"StochOptForest
(apx-soln)",no,5.045641802393909
800,0.1,"StochOptForest
(apx-soln)",no,4.608604439340431
800,0.1,"StochOptForest
(apx-soln)",no,4.823227872020331
800,0.1,"StochOptForest
(apx-soln)",no,4.875733123497591
800,0.1,"StochOptForest
(apx-soln)",no,5.007807011002073
800,0.1,"StochOptForest
(apx-soln)",no,4.943992050937592
800,0.1,"StochOptForest
(apx-soln)",no,4.4583100961137045
800,0.1,"StochOptForest
(apx-soln)",no,4.541540696416628
800,0.1,"StochOptForest
(apx-soln)",no,4.866310371241096
800,0.1,"StochOptForest
(apx-soln)",no,4.91062629440491
800,0.1,"StochOptForest
(apx-soln)",no,4.415872300835465
800,0.1,"StochOptForest
(apx-risk)",yes,2.1372257724868917
800,0.1,"StochOptForest
(apx-risk)",yes,1.7728366795125547
800,0.1,"StochOptForest
(apx-risk)",yes,3.815517144208871
800,0.1,"StochOptForest
(apx-risk)",yes,2.684408333835027
800,0.1,"StochOptForest
(apx-risk)",yes,1.8034228987360594
800,0.1,"StochOptForest
(apx-risk)",yes,1.9407614000176756
800,0.1,"StochOptForest
(apx-risk)",yes,2.1966429706690254
800,0.1,"StochOptForest
(apx-risk)",yes,1.755168560547233
800,0.1,"StochOptForest
(apx-risk)",yes,2.2997016225428406
800,0.1,"StochOptForest
(apx-risk)",yes,1.863245646488931
800,0.1,"StochOptForest
(apx-risk)",yes,1.8909139895022298
800,0.1,"StochOptForest
(apx-risk)",yes,1.9768557195859104
800,0.1,"StochOptForest
(apx-risk)",yes,2.2655418511653282
800,0.1,"StochOptForest
(apx-risk)",yes,2.157421851348595
800,0.1,"StochOptForest
(apx-risk)",yes,1.8571705059015096
800,0.1,"StochOptForest
(apx-risk)",yes,2.8148694088052166
800,0.1,"StochOptForest
(apx-risk)",yes,2.299994855335783
800,0.1,"StochOptForest
(apx-risk)",yes,3.3824152209462257
800,0.1,"StochOptForest
(apx-risk)",yes,2.4592346153010105
800,0.1,"StochOptForest
(apx-risk)",yes,2.350341312903279
800,0.1,"StochOptForest
(apx-risk)",yes,2.1235675157119944
800,0.1,"StochOptForest
(apx-risk)",yes,2.1083124085704177
800,0.1,"StochOptForest
(apx-risk)",yes,2.083910114465654
800,0.1,"StochOptForest
(apx-risk)",yes,1.9755752458385294
800,0.1,"StochOptForest
(apx-risk)",yes,2.5865390905618244
800,0.1,"StochOptForest
(apx-risk)",yes,2.6767411269421006
800,0.1,"StochOptForest
(apx-risk)",yes,2.1290716229964106
800,0.1,"StochOptForest
(apx-risk)",yes,1.4051304446871944
800,0.1,"StochOptForest
(apx-risk)",yes,1.8462753468348063
800,0.1,"StochOptForest
(apx-risk)",yes,1.9138100136623586
800,0.1,"StochOptForest
(apx-risk)",yes,2.229357153613649
800,0.1,"StochOptForest
(apx-risk)",yes,1.8656427466904306
800,0.1,"StochOptForest
(apx-risk)",yes,2.121479328863924
800,0.1,"StochOptForest
(apx-risk)",yes,2.496594853068403
800,0.1,"StochOptForest
(apx-risk)",yes,1.6396857848808581
800,0.1,"StochOptForest
(apx-risk)",yes,1.9625880060740106
800,0.1,"StochOptForest
(apx-risk)",yes,2.119430682502845
800,0.1,"StochOptForest
(apx-risk)",yes,2.4551240730755945
800,0.1,"StochOptForest
(apx-risk)",yes,1.9904850083270043
800,0.1,"StochOptForest
(apx-risk)",yes,4.088930285203663
800,0.1,"StochOptForest
(apx-risk)",yes,2.4493250812809095
800,0.1,"StochOptForest
(apx-risk)",yes,1.9508723810524067
800,0.1,"StochOptForest
(apx-risk)",yes,2.278237721399703
800,0.1,"StochOptForest
(apx-risk)",yes,1.8749691249109628
800,0.1,"StochOptForest
(apx-risk)",yes,2.4591620331079356
800,0.1,"StochOptForest
(apx-risk)",yes,1.843127241398941
800,0.1,"StochOptForest
(apx-risk)",yes,1.7625007101289285
800,0.1,"StochOptForest
(apx-risk)",yes,2.048392533524719
800,0.1,"StochOptForest
(apx-risk)",yes,2.123417977973748
800,0.1,"StochOptForest
(apx-risk)",yes,1.8200785662299297
800,0.1,"StochOptForest
(apx-risk)",no,2.708864019692797
800,0.1,"StochOptForest
(apx-risk)",no,2.814027211102718
800,0.1,"StochOptForest
(apx-risk)",no,3.978226378598867
800,0.1,"StochOptForest
(apx-risk)",no,3.0856616645386854
800,0.1,"StochOptForest
(apx-risk)",no,1.9701983812125445
800,0.1,"StochOptForest
(apx-risk)",no,2.152339065686847
800,0.1,"StochOptForest
(apx-risk)",no,2.107316795964778
800,0.1,"StochOptForest
(apx-risk)",no,1.7757636803140635
800,0.1,"StochOptForest
(apx-risk)",no,2.234382881345164
800,0.1,"StochOptForest
(apx-risk)",no,2.0103998258029363
800,0.1,"StochOptForest
(apx-risk)",no,2.1079132688304307
800,0.1,"StochOptForest
(apx-risk)",no,2.161228717718713
800,0.1,"StochOptForest
(apx-risk)",no,3.1086768513723144
800,0.1,"StochOptForest
(apx-risk)",no,2.914624721263234
800,0.1,"StochOptForest
(apx-risk)",no,2.8496461083580793
800,0.1,"StochOptForest
(apx-risk)",no,3.541687646690674
800,0.1,"StochOptForest
(apx-risk)",no,3.6220557086976792
800,0.1,"StochOptForest
(apx-risk)",no,3.157486958173472
800,0.1,"StochOptForest
(apx-risk)",no,2.5029770013463635
800,0.1,"StochOptForest
(apx-risk)",no,3.0520598759865667
800,0.1,"StochOptForest
(apx-risk)",no,2.5012415268759547
800,0.1,"StochOptForest
(apx-risk)",no,2.073317405827488
800,0.1,"StochOptForest
(apx-risk)",no,2.3241857450372976
800,0.1,"StochOptForest
(apx-risk)",no,2.042349333100098
800,0.1,"StochOptForest
(apx-risk)",no,2.8703584234872954
800,0.1,"StochOptForest
(apx-risk)",no,2.9586894365713707
800,0.1,"StochOptForest
(apx-risk)",no,2.229381520581257
800,0.1,"StochOptForest
(apx-risk)",no,1.6888378625583573
800,0.1,"StochOptForest
(apx-risk)",no,2.0661897461561254
800,0.1,"StochOptForest
(apx-risk)",no,2.0569584516473824
800,0.1,"StochOptForest
(apx-risk)",no,2.432133624420865
800,0.1,"StochOptForest
(apx-risk)",no,2.1606808038600183
800,0.1,"StochOptForest
(apx-risk)",no,2.159910952141541
800,0.1,"StochOptForest
(apx-risk)",no,3.238518513987732
800,0.1,"StochOptForest
(apx-risk)",no,2.0507844365168437
800,0.1,"StochOptForest
(apx-risk)",no,2.309169989773284
800,0.1,"StochOptForest
(apx-risk)",no,2.5969667303310136
800,0.1,"StochOptForest
(apx-risk)",no,2.188751321801478
800,0.1,"StochOptForest
(apx-risk)",no,4.536063622535883
800,0.1,"StochOptForest
(apx-risk)",no,4.2993109125477815
800,0.1,"StochOptForest
(apx-risk)",no,2.827813493020021
800,0.1,"StochOptForest
(apx-risk)",no,2.2355218555300223
800,0.1,"StochOptForest
(apx-risk)",no,2.2532858456879086
800,0.1,"StochOptForest
(apx-risk)",no,1.8625552663202827
800,0.1,"StochOptForest
(apx-risk)",no,2.328966020101794
800,0.1,"StochOptForest
(apx-risk)",no,2.7330231384939294
800,0.1,"StochOptForest
(apx-risk)",no,1.905992471913733
800,0.1,"StochOptForest
(apx-risk)",no,3.7355685130362333
800,0.1,"StochOptForest
(apx-risk)",no,2.938710994952593
800,0.1,"StochOptForest
(apx-risk)",no,2.2131847107006384
800,0.1,RandSplitForest,no,3.9965274352415237
800,0.1,RandSplitForest,no,3.999320719607866
800,0.1,RandSplitForest,no,4.403057890475255
800,0.1,RandSplitForest,no,4.359337834774675
800,0.1,RandSplitForest,no,4.766282067892117
800,0.1,RandSplitForest,no,4.167227235158186
800,0.1,RandSplitForest,no,3.8742659827462678
800,0.1,RandSplitForest,no,4.48225168887346
800,0.1,RandSplitForest,no,4.85800054569677
800,0.1,RandSplitForest,no,5.164816627321577
800,0.1,RandSplitForest,no,4.535092907121114
800,0.1,RandSplitForest,no,4.697089439761379
800,0.1,RandSplitForest,no,4.495019653628359
800,0.1,RandSplitForest,no,4.52921787837138
800,0.1,RandSplitForest,no,4.6115532802246255
800,0.1,RandSplitForest,no,4.906341313140641
800,0.1,RandSplitForest,no,4.055641239118604
800,0.1,RandSplitForest,no,4.530367397444076
800,0.1,RandSplitForest,no,4.473198439949753
800,0.1,RandSplitForest,no,4.387594391154835
800,0.1,RandSplitForest,no,4.325191850298094
800,0.1,RandSplitForest,no,4.429768592735773
800,0.1,RandSplitForest,no,4.060564104177239
800,0.1,RandSplitForest,no,4.275649337736748
800,0.1,RandSplitForest,no,4.4472635926747435
800,0.1,RandSplitForest,no,4.494588853616337
800,0.1,RandSplitForest,no,4.298217455297895
800,0.1,RandSplitForest,no,4.189979537068645
800,0.1,RandSplitForest,no,4.364873716268855
800,0.1,RandSplitForest,no,4.320709062945299
800,0.1,RandSplitForest,no,4.509308267401463
800,0.1,RandSplitForest,no,4.44516482345752
800,0.1,RandSplitForest,no,4.415824870212354
800,0.1,RandSplitForest,no,4.354729613537092
800,0.1,RandSplitForest,no,4.323092096929562
800,0.1,RandSplitForest,no,4.30672926018001
800,0.1,RandSplitForest,no,4.19947582944686
800,0.1,RandSplitForest,no,4.1699611334144056
800,0.1,RandSplitForest,no,4.576365342058875
800,0.1,RandSplitForest,no,4.698317122251776
800,0.1,RandSplitForest,no,4.271225857674646
800,0.1,RandSplitForest,no,4.3686531144327825
800,0.1,RandSplitForest,no,4.589129563339849
800,0.1,RandSplitForest,no,4.5198298639088215
800,0.1,RandSplitForest,no,4.428286195802214
800,0.1,RandSplitForest,no,4.088408861565115
800,0.1,RandSplitForest,no,4.09092053410664
800,0.1,RandSplitForest,no,4.448174202431019
800,0.1,RandSplitForest,no,4.55610329228766
800,0.1,RandSplitForest,no,4.02690811143198
800,0.1,RandForest,no,4.7276622382244184
800,0.1,RandForest,no,4.268527273605596
800,0.1,RandForest,no,5.275326692443596
800,0.1,RandForest,no,6.08415607857975
800,0.1,RandForest,no,4.8029932851867105
800,0.1,RandForest,no,4.495497888650253
800,0.1,RandForest,no,5.45267772073861
800,0.1,RandForest,no,4.623670843668037
800,0.1,RandForest,no,5.092068626512349
800,0.1,RandForest,no,5.279040176971403
800,0.1,RandForest,no,4.852433505052938
800,0.1,RandForest,no,4.987989088742043
800,0.1,RandForest,no,5.195476477877892
800,0.1,RandForest,no,5.26399705861951
800,0.1,RandForest,no,5.2298987670630765
800,0.1,RandForest,no,6.564618241887036
800,0.1,RandForest,no,4.510602263485703
800,0.1,RandForest,no,6.048114043971946
800,0.1,RandForest,no,5.201001595451068
800,0.1,RandForest,no,4.75497368888021
800,0.1,RandForest,no,4.796293377057995
800,0.1,RandForest,no,4.716361381320822
800,0.1,RandForest,no,4.93314314633046
800,0.1,RandForest,no,4.563187781454048
800,0.1,RandForest,no,7.2100947726326705
800,0.1,RandForest,no,4.807566924903928
800,0.1,RandForest,no,4.5779127778604805
800,0.1,RandForest,no,4.2736525620609465
800,0.1,RandForest,no,4.67021819021119
800,0.1,RandForest,no,4.499141673818362
800,0.1,RandForest,no,5.334607030129382
800,0.1,RandForest,no,4.681522235767144
800,0.1,RandForest,no,4.6080709217885785
800,0.1,RandForest,no,5.395790467643496
800,0.1,RandForest,no,4.578758216658385
800,0.1,RandForest,no,4.849684369495409
800,0.1,RandForest,no,5.425442777911822
800,0.1,RandForest,no,8.0729728340338
800,0.1,RandForest,no,4.847349410078227
800,0.1,RandForest,no,6.215272886086954
800,0.1,RandForest,no,5.028542210564254
800,0.1,RandForest,no,4.4759008772070255
800,0.1,RandForest,no,5.081899097552654
800,0.1,RandForest,no,4.761289554748399
800,0.1,RandForest,no,5.267244314748782
800,0.1,RandForest,no,4.768400122765104
800,0.1,RandForest,no,4.521101140312904
800,0.1,RandForest,no,12.490568703810455
800,0.1,RandForest,no,5.8642382104606305
800,0.1,RandForest,no,4.243512855278369
