n,R,Method,Constraint,rel_risk
100,0.1,"StochOptForest
(apx-soln)",yes,1.512967504286196
100,0.1,"StochOptForest
(apx-soln)",yes,2.5839046794046787
100,0.1,"StochOptForest
(apx-soln)",yes,2.273082997054891
100,0.1,"StochOptForest
(apx-soln)",yes,3.0495788893004647
100,0.1,"StochOptForest
(apx-soln)",yes,2.2951258131277736
100,0.1,"StochOptForest
(apx-soln)",yes,2.6401580948587076
100,0.1,"StochOptForest
(apx-soln)",yes,3.235264433942852
100,0.1,"StochOptForest
(apx-soln)",yes,2.0779810000882906
100,0.1,"StochOptForest
(apx-soln)",yes,1.429620671985513
100,0.1,"StochOptForest
(apx-soln)",yes,2.6191651571277985
100,0.1,"StochOptForest
(apx-soln)",yes,2.066944067266831
100,0.1,"StochOptForest
(apx-soln)",yes,4.643533743826465
100,0.1,"StochOptForest
(apx-soln)",yes,2.018041435652994
100,0.1,"StochOptForest
(apx-soln)",yes,2.443816662268642
100,0.1,"StochOptForest
(apx-soln)",yes,1.4652363879840151
100,0.1,"StochOptForest
(apx-soln)",yes,2.1793830714256144
100,0.1,"StochOptForest
(apx-soln)",yes,2.0353704824116425
100,0.1,"StochOptForest
(apx-soln)",yes,2.4795362164409687
100,0.1,"StochOptForest
(apx-soln)",yes,2.227016354979071
100,0.1,"StochOptForest
(apx-soln)",yes,1.972740466546886
100,0.1,"StochOptForest
(apx-soln)",yes,1.7568016586092372
100,0.1,"StochOptForest
(apx-soln)",yes,2.3597900940225593
100,0.1,"StochOptForest
(apx-soln)",yes,1.4923365212118715
100,0.1,"StochOptForest
(apx-soln)",yes,1.767081458275127
100,0.1,"StochOptForest
(apx-soln)",yes,1.4029993933196099
100,0.1,"StochOptForest
(apx-soln)",yes,2.1722253661870083
100,0.1,"StochOptForest
(apx-soln)",yes,2.192113257055702
100,0.1,"StochOptForest
(apx-soln)",yes,1.88015753072427
100,0.1,"StochOptForest
(apx-soln)",yes,1.6763781300914364
100,0.1,"StochOptForest
(apx-soln)",yes,1.766161250364129
100,0.1,"StochOptForest
(apx-soln)",yes,1.8023595463960753
100,0.1,"StochOptForest
(apx-soln)",yes,1.7096917955461755
100,0.1,"StochOptForest
(apx-soln)",yes,2.16554716042942
100,0.1,"StochOptForest
(apx-soln)",yes,2.065363062024844
100,0.1,"StochOptForest
(apx-soln)",yes,2.441828746526397
100,0.1,"StochOptForest
(apx-soln)",yes,1.8802469246437936
100,0.1,"StochOptForest
(apx-soln)",yes,2.6133237356238816
100,0.1,"StochOptForest
(apx-soln)",yes,1.6075176696047646
100,0.1,"StochOptForest
(apx-soln)",yes,1.6893684132841478
100,0.1,"StochOptForest
(apx-soln)",yes,2.061818327823097
100,0.1,"StochOptForest
(apx-soln)",yes,3.7573233438646105
100,0.1,"StochOptForest
(apx-soln)",yes,1.9997149432274344
100,0.1,"StochOptForest
(apx-soln)",yes,2.2343553215747525
100,0.1,"StochOptForest
(apx-soln)",yes,2.996933722980635
100,0.1,"StochOptForest
(apx-soln)",yes,1.9299123104981206
100,0.1,"StochOptForest
(apx-soln)",yes,2.178688978861428
100,0.1,"StochOptForest
(apx-soln)",yes,1.9143888641327051
100,0.1,"StochOptForest
(apx-soln)",yes,2.917728665133106
100,0.1,"StochOptForest
(apx-soln)",yes,4.298280045835573
100,0.1,"StochOptForest
(apx-soln)",yes,2.390158831154569
100,0.1,"StochOptForest
(apx-soln)",no,1.921112952879758
100,0.1,"StochOptForest
(apx-soln)",no,3.1341176997363123
100,0.1,"StochOptForest
(apx-soln)",no,2.5468452435881477
100,0.1,"StochOptForest
(apx-soln)",no,4.466833863599494
100,0.1,"StochOptForest
(apx-soln)",no,2.8852275852122693
100,0.1,"StochOptForest
(apx-soln)",no,3.165488023507129
100,0.1,"StochOptForest
(apx-soln)",no,4.076060962237857
100,0.1,"StochOptForest
(apx-soln)",no,2.363739340621782
100,0.1,"StochOptForest
(apx-soln)",no,2.4224651896662595
100,0.1,"StochOptForest
(apx-soln)",no,3.118413687037278
100,0.1,"StochOptForest
(apx-soln)",no,2.4803205522290126
100,0.1,"StochOptForest
(apx-soln)",no,5.9450455517743634
100,0.1,"StochOptForest
(apx-soln)",no,2.4523918404859835
100,0.1,"StochOptForest
(apx-soln)",no,2.6147568213197587
100,0.1,"StochOptForest
(apx-soln)",no,1.5429807844206185
100,0.1,"StochOptForest
(apx-soln)",no,2.7423116936985417
100,0.1,"StochOptForest
(apx-soln)",no,3.1798988795731162
100,0.1,"StochOptForest
(apx-soln)",no,3.632321097709945
100,0.1,"StochOptForest
(apx-soln)",no,2.9022263574040164
100,0.1,"StochOptForest
(apx-soln)",no,2.373853304568454
100,0.1,"StochOptForest
(apx-soln)",no,2.245712639222954
100,0.1,"StochOptForest
(apx-soln)",no,2.988384808174704
100,0.1,"StochOptForest
(apx-soln)",no,1.951751494128004
100,0.1,"StochOptForest
(apx-soln)",no,2.002776129594688
100,0.1,"StochOptForest
(apx-soln)",no,1.6330179391642587
100,0.1,"StochOptForest
(apx-soln)",no,2.570178223916529
100,0.1,"StochOptForest
(apx-soln)",no,3.035865182041641
100,0.1,"StochOptForest
(apx-soln)",no,2.778894687607929
100,0.1,"StochOptForest
(apx-soln)",no,2.327175485585216
100,0.1,"StochOptForest
(apx-soln)",no,1.8381605389949771
100,0.1,"StochOptForest
(apx-soln)",no,2.918524516960501
100,0.1,"StochOptForest
(apx-soln)",no,1.9910714309176891
100,0.1,"StochOptForest
(apx-soln)",no,2.7577823251196163
100,0.1,"StochOptForest
(apx-soln)",no,2.4661293461152094
100,0.1,"StochOptForest
(apx-soln)",no,2.700023997562243
100,0.1,"StochOptForest
(apx-soln)",no,2.551742488679821
100,0.1,"StochOptForest
(apx-soln)",no,3.018700225551684
100,0.1,"StochOptForest
(apx-soln)",no,1.8515491577752692
100,0.1,"StochOptForest
(apx-soln)",no,2.1785399532076344
100,0.1,"StochOptForest
(apx-soln)",no,2.969435661615551
100,0.1,"StochOptForest
(apx-soln)",no,3.6706611654169023
100,0.1,"StochOptForest
(apx-soln)",no,3.6357830963506252
100,0.1,"StochOptForest
(apx-soln)",no,3.333073155997167
100,0.1,"StochOptForest
(apx-soln)",no,2.9784108187371126
100,0.1,"StochOptForest
(apx-soln)",no,2.4555488077579097
100,0.1,"StochOptForest
(apx-soln)",no,2.5300185741998953
100,0.1,"StochOptForest
(apx-soln)",no,3.324490908864516
100,0.1,"StochOptForest
(apx-soln)",no,4.496167451036289
100,0.1,"StochOptForest
(apx-soln)",no,5.84762487155532
100,0.1,"StochOptForest
(apx-soln)",no,2.715712095705038
100,0.1,"StochOptForest
(apx-risk)",yes,1.5963141909398493
100,0.1,"StochOptForest
(apx-risk)",yes,2.416577555704863
100,0.1,"StochOptForest
(apx-risk)",yes,2.139208974485131
100,0.1,"StochOptForest
(apx-risk)",yes,2.7894027258347487
100,0.1,"StochOptForest
(apx-risk)",yes,2.190031658286817
100,0.1,"StochOptForest
(apx-risk)",yes,2.481372502089731
100,0.1,"StochOptForest
(apx-risk)",yes,3.1410992162747293
100,0.1,"StochOptForest
(apx-risk)",yes,1.9646121132991206
100,0.1,"StochOptForest
(apx-risk)",yes,1.46462199402526
100,0.1,"StochOptForest
(apx-risk)",yes,2.723507371787624
100,0.1,"StochOptForest
(apx-risk)",yes,2.0248380067058047
100,0.1,"StochOptForest
(apx-risk)",yes,4.421552947507782
100,0.1,"StochOptForest
(apx-risk)",yes,1.7179360305470266
100,0.1,"StochOptForest
(apx-risk)",yes,2.270259368338368
100,0.1,"StochOptForest
(apx-risk)",yes,1.6030609209386975
100,0.1,"StochOptForest
(apx-risk)",yes,2.109654696083626
100,0.1,"StochOptForest
(apx-risk)",yes,1.9670400084398785
100,0.1,"StochOptForest
(apx-risk)",yes,2.584317203757359
100,0.1,"StochOptForest
(apx-risk)",yes,2.161853703386479
100,0.1,"StochOptForest
(apx-risk)",yes,1.8931994607312501
100,0.1,"StochOptForest
(apx-risk)",yes,1.503193428417471
100,0.1,"StochOptForest
(apx-risk)",yes,2.1037393557129755
100,0.1,"StochOptForest
(apx-risk)",yes,1.4040811704649647
100,0.1,"StochOptForest
(apx-risk)",yes,1.7702668196499753
100,0.1,"StochOptForest
(apx-risk)",yes,1.3264568745628982
100,0.1,"StochOptForest
(apx-risk)",yes,1.9938268870049116
100,0.1,"StochOptForest
(apx-risk)",yes,2.077164064504891
100,0.1,"StochOptForest
(apx-risk)",yes,1.6747505377848593
100,0.1,"StochOptForest
(apx-risk)",yes,1.4047690311408436
100,0.1,"StochOptForest
(apx-risk)",yes,1.6009195009640447
100,0.1,"StochOptForest
(apx-risk)",yes,1.8043171567759158
100,0.1,"StochOptForest
(apx-risk)",yes,1.6053092657359784
100,0.1,"StochOptForest
(apx-risk)",yes,2.099357817006058
100,0.1,"StochOptForest
(apx-risk)",yes,2.100676381814278
100,0.1,"StochOptForest
(apx-risk)",yes,2.1881623858376544
100,0.1,"StochOptForest
(apx-risk)",yes,1.7413675365765786
100,0.1,"StochOptForest
(apx-risk)",yes,2.022791331257946
100,0.1,"StochOptForest
(apx-risk)",yes,1.4572776109321477
100,0.1,"StochOptForest
(apx-risk)",yes,1.5887285667000812
100,0.1,"StochOptForest
(apx-risk)",yes,2.0234114807080523
100,0.1,"StochOptForest
(apx-risk)",yes,3.5764930720640673
100,0.1,"StochOptForest
(apx-risk)",yes,2.2137225324071825
100,0.1,"StochOptForest
(apx-risk)",yes,2.306968996421214
100,0.1,"StochOptForest
(apx-risk)",yes,2.747459118327721
100,0.1,"StochOptForest
(apx-risk)",yes,1.8452729581405714
100,0.1,"StochOptForest
(apx-risk)",yes,2.210199454731968
100,0.1,"StochOptForest
(apx-risk)",yes,1.9158545101677638
100,0.1,"StochOptForest
(apx-risk)",yes,2.865711965944548
100,0.1,"StochOptForest
(apx-risk)",yes,4.553806371802259
100,0.1,"StochOptForest
(apx-risk)",yes,2.1961554861090997
100,0.1,"StochOptForest
(apx-risk)",no,1.524901308734911
100,0.1,"StochOptForest
(apx-risk)",no,2.36963763597402
100,0.1,"StochOptForest
(apx-risk)",no,1.9176341551574871
100,0.1,"StochOptForest
(apx-risk)",no,2.9851685576227682
100,0.1,"StochOptForest
(apx-risk)",no,2.2142853276282826
100,0.1,"StochOptForest
(apx-risk)",no,2.346844544879203
100,0.1,"StochOptForest
(apx-risk)",no,3.0792558771470278
100,0.1,"StochOptForest
(apx-risk)",no,1.9924022434825983
100,0.1,"StochOptForest
(apx-risk)",no,1.516005381669225
100,0.1,"StochOptForest
(apx-risk)",no,2.5223664497611638
100,0.1,"StochOptForest
(apx-risk)",no,2.1409691299696156
100,0.1,"StochOptForest
(apx-risk)",no,4.101310465510319
100,0.1,"StochOptForest
(apx-risk)",no,1.615938249218027
100,0.1,"StochOptForest
(apx-risk)",no,2.217665806688113
100,0.1,"StochOptForest
(apx-risk)",no,1.6586197931230482
100,0.1,"StochOptForest
(apx-risk)",no,2.1562122512513375
100,0.1,"StochOptForest
(apx-risk)",no,1.9587869053546692
100,0.1,"StochOptForest
(apx-risk)",no,2.243200581987958
100,0.1,"StochOptForest
(apx-risk)",no,2.387468563687661
100,0.1,"StochOptForest
(apx-risk)",no,1.8506168741812867
100,0.1,"StochOptForest
(apx-risk)",no,1.6357176110047913
100,0.1,"StochOptForest
(apx-risk)",no,2.0126800163386185
100,0.1,"StochOptForest
(apx-risk)",no,1.4016666834030929
100,0.1,"StochOptForest
(apx-risk)",no,1.8013228505709464
100,0.1,"StochOptForest
(apx-risk)",no,1.405926106570253
100,0.1,"StochOptForest
(apx-risk)",no,1.8611115537593674
100,0.1,"StochOptForest
(apx-risk)",no,1.8929153779500674
100,0.1,"StochOptForest
(apx-risk)",no,1.664950774334697
100,0.1,"StochOptForest
(apx-risk)",no,1.3994367633502336
100,0.1,"StochOptForest
(apx-risk)",no,1.578621995826262
100,0.1,"StochOptForest
(apx-risk)",no,1.8172161365756694
100,0.1,"StochOptForest
(apx-risk)",no,1.7519936559650033
100,0.1,"StochOptForest
(apx-risk)",no,2.125107298601107
100,0.1,"StochOptForest
(apx-risk)",no,1.8662027962502696
100,0.1,"StochOptForest
(apx-risk)",no,1.9017030406198587
100,0.1,"StochOptForest
(apx-risk)",no,1.7056939765789871
100,0.1,"StochOptForest
(apx-risk)",no,2.327138383511467
100,0.1,"StochOptForest
(apx-risk)",no,1.502734874244289
100,0.1,"StochOptForest
(apx-risk)",no,1.5766724839663786
100,0.1,"StochOptForest
(apx-risk)",no,1.970253796237815
100,0.1,"StochOptForest
(apx-risk)",no,3.4886981695997026
100,0.1,"StochOptForest
(apx-risk)",no,1.9875135946792757
100,0.1,"StochOptForest
(apx-risk)",no,2.4486936526542915
100,0.1,"StochOptForest
(apx-risk)",no,2.599645335613713
100,0.1,"StochOptForest
(apx-risk)",no,1.718125986635473
100,0.1,"StochOptForest
(apx-risk)",no,2.073137895630901
100,0.1,"StochOptForest
(apx-risk)",no,1.8554567752641187
100,0.1,"StochOptForest
(apx-risk)",no,2.938815588873354
100,0.1,"StochOptForest
(apx-risk)",no,4.9408209855897915
100,0.1,"StochOptForest
(apx-risk)",no,2.537771043569975
100,0.1,RandSplitForest,no,1.8762257801185631
100,0.1,RandSplitForest,no,3.107001084418961
100,0.1,RandSplitForest,no,2.5245461467533175
100,0.1,RandSplitForest,no,4.190489618571341
100,0.1,RandSplitForest,no,2.830853443981067
100,0.1,RandSplitForest,no,3.094399661898881
100,0.1,RandSplitForest,no,3.9056902221535283
100,0.1,RandSplitForest,no,2.3252352319013956
100,0.1,RandSplitForest,no,2.258649947605531
100,0.1,RandSplitForest,no,2.9640648130934895
100,0.1,RandSplitForest,no,2.3275425505183986
100,0.1,RandSplitForest,no,5.647091104995537
100,0.1,RandSplitForest,no,2.3726154716329626
100,0.1,RandSplitForest,no,2.627007920582919
100,0.1,RandSplitForest,no,1.450117195395428
100,0.1,RandSplitForest,no,2.5418893311493727
100,0.1,RandSplitForest,no,2.980263881396373
100,0.1,RandSplitForest,no,3.6598144215269683
100,0.1,RandSplitForest,no,2.825240289012998
100,0.1,RandSplitForest,no,2.377651144749785
100,0.1,RandSplitForest,no,2.2602304073500257
100,0.1,RandSplitForest,no,2.896839948277956
100,0.1,RandSplitForest,no,1.8535352507718168
100,0.1,RandSplitForest,no,2.027237015650408
100,0.1,RandSplitForest,no,1.59339279952544
100,0.1,RandSplitForest,no,2.505022519605567
100,0.1,RandSplitForest,no,2.960624321572204
100,0.1,RandSplitForest,no,2.4079610110001606
100,0.1,RandSplitForest,no,2.2528216047524388
100,0.1,RandSplitForest,no,1.7922338138259761
100,0.1,RandSplitForest,no,2.7471995510701537
100,0.1,RandSplitForest,no,1.9540860242359057
100,0.1,RandSplitForest,no,2.573505852153721
100,0.1,RandSplitForest,no,2.370372098510992
100,0.1,RandSplitForest,no,2.710513193815036
100,0.1,RandSplitForest,no,2.306676514030148
100,0.1,RandSplitForest,no,2.7672467356362285
100,0.1,RandSplitForest,no,1.824478816706292
100,0.1,RandSplitForest,no,2.130725008020967
100,0.1,RandSplitForest,no,2.8966581386013632
100,0.1,RandSplitForest,no,3.638284115375994
100,0.1,RandSplitForest,no,3.430373897765147
100,0.1,RandSplitForest,no,3.28857805822877
100,0.1,RandSplitForest,no,3.1037442380484137
100,0.1,RandSplitForest,no,2.398604382708407
100,0.1,RandSplitForest,no,2.5505229701853276
100,0.1,RandSplitForest,no,3.112741255728084
100,0.1,RandSplitForest,no,3.699816037487439
100,0.1,RandSplitForest,no,5.747615952695916
100,0.1,RandSplitForest,no,2.672878926740674
100,0.1,RandForest,no,1.5292532211894412
100,0.1,RandForest,no,2.4009109408458618
100,0.1,RandForest,no,2.372289765252268
100,0.1,RandForest,no,3.5825585606241077
100,0.1,RandForest,no,2.6019563323956767
100,0.1,RandForest,no,2.6254142056071816
100,0.1,RandForest,no,3.5037875089177932
100,0.1,RandForest,no,2.07358733266735
100,0.1,RandForest,no,2.040307964498666
100,0.1,RandForest,no,2.5931872310517114
100,0.1,RandForest,no,2.2308225083389845
100,0.1,RandForest,no,3.8036771877501603
100,0.1,RandForest,no,2.101871723454698
100,0.1,RandForest,no,2.346583953332248
100,0.1,RandForest,no,1.3722901314931872
100,0.1,RandForest,no,2.1825274537371078
100,0.1,RandForest,no,1.9194025097098715
100,0.1,RandForest,no,7.933968820495418
100,0.1,RandForest,no,2.7972062278338914
100,0.1,RandForest,no,2.249821736700823
100,0.1,RandForest,no,1.8111375991197587
100,0.1,RandForest,no,2.6803871503358723
100,0.1,RandForest,no,1.6758924940778626
100,0.1,RandForest,no,2.1008185187248403
100,0.1,RandForest,no,1.8736620703232376
100,0.1,RandForest,no,2.4426457928570993
100,0.1,RandForest,no,2.7678070386494253
100,0.1,RandForest,no,1.9541539283893896
100,0.1,RandForest,no,2.0565727128030433
100,0.1,RandForest,no,1.7939272721887178
100,0.1,RandForest,no,2.6686924446395635
100,0.1,RandForest,no,1.8877551804101107
100,0.1,RandForest,no,2.252109115900256
100,0.1,RandForest,no,2.583690555027588
100,0.1,RandForest,no,2.612299484885498
100,0.1,RandForest,no,2.4666586075773176
100,0.1,RandForest,no,2.1105329170304867
100,0.1,RandForest,no,1.6626951448362866
100,0.1,RandForest,no,2.021954090358677
100,0.1,RandForest,no,2.383159623700061
100,0.1,RandForest,no,3.8558921683843175
100,0.1,RandForest,no,2.0541280370148827
100,0.1,RandForest,no,3.433808036831892
100,0.1,RandForest,no,2.8082177628375424
100,0.1,RandForest,no,2.0387538019199725
100,0.1,RandForest,no,2.594158639999999
100,0.1,RandForest,no,1.8829769418296454
100,0.1,RandForest,no,2.2574475150323066
100,0.1,RandForest,no,5.22006265321852
100,0.1,RandForest,no,2.3903900156416826
200,0.1,"StochOptForest
(apx-soln)",yes,1.4277048326148305
200,0.1,"StochOptForest
(apx-soln)",yes,1.5350446578676598
200,0.1,"StochOptForest
(apx-soln)",yes,1.2857483453182132
200,0.1,"StochOptForest
(apx-soln)",yes,1.681592368681414
200,0.1,"StochOptForest
(apx-soln)",yes,1.6324460937581111
200,0.1,"StochOptForest
(apx-soln)",yes,1.3893538295322678
200,0.1,"StochOptForest
(apx-soln)",yes,1.5056774012330842
200,0.1,"StochOptForest
(apx-soln)",yes,1.5913525634974703
200,0.1,"StochOptForest
(apx-soln)",yes,1.7060305959506454
200,0.1,"StochOptForest
(apx-soln)",yes,3.6525323105190766
200,0.1,"StochOptForest
(apx-soln)",yes,1.4960639642988107
200,0.1,"StochOptForest
(apx-soln)",yes,1.4755718236359578
200,0.1,"StochOptForest
(apx-soln)",yes,1.6867151639826614
200,0.1,"StochOptForest
(apx-soln)",yes,1.684922990678343
200,0.1,"StochOptForest
(apx-soln)",yes,2.277169608538063
200,0.1,"StochOptForest
(apx-soln)",yes,1.6569174923089272
200,0.1,"StochOptForest
(apx-soln)",yes,1.6572831528252285
200,0.1,"StochOptForest
(apx-soln)",yes,1.393102073229084
200,0.1,"StochOptForest
(apx-soln)",yes,1.5152697791915277
200,0.1,"StochOptForest
(apx-soln)",yes,1.7149821431693821
200,0.1,"StochOptForest
(apx-soln)",yes,1.5923745388594008
200,0.1,"StochOptForest
(apx-soln)",yes,1.535595007908013
200,0.1,"StochOptForest
(apx-soln)",yes,2.070874832944552
200,0.1,"StochOptForest
(apx-soln)",yes,2.7546206527931916
200,0.1,"StochOptForest
(apx-soln)",yes,2.1060789762199525
200,0.1,"StochOptForest
(apx-soln)",yes,1.6710787579263704
200,0.1,"StochOptForest
(apx-soln)",yes,1.6837281002213906
200,0.1,"StochOptForest
(apx-soln)",yes,1.3016891364173453
200,0.1,"StochOptForest
(apx-soln)",yes,1.9260389027039069
200,0.1,"StochOptForest
(apx-soln)",yes,1.34934976647929
200,0.1,"StochOptForest
(apx-soln)",yes,1.9402670790251482
200,0.1,"StochOptForest
(apx-soln)",yes,1.3555943234392058
200,0.1,"StochOptForest
(apx-soln)",yes,2.0656727663537984
200,0.1,"StochOptForest
(apx-soln)",yes,1.847290341579744
200,0.1,"StochOptForest
(apx-soln)",yes,1.598149916645604
200,0.1,"StochOptForest
(apx-soln)",yes,2.2513100293170636
200,0.1,"StochOptForest
(apx-soln)",yes,1.5069160297933855
200,0.1,"StochOptForest
(apx-soln)",yes,1.838616588534338
200,0.1,"StochOptForest
(apx-soln)",yes,1.4624317762829815
200,0.1,"StochOptForest
(apx-soln)",yes,1.350808947468466
200,0.1,"StochOptForest
(apx-soln)",yes,1.4443649463105852
200,0.1,"StochOptForest
(apx-soln)",yes,1.963339268301439
200,0.1,"StochOptForest
(apx-soln)",yes,1.3563671719360273
200,0.1,"StochOptForest
(apx-soln)",yes,1.3254162146490713
200,0.1,"StochOptForest
(apx-soln)",yes,1.4331481057342
200,0.1,"StochOptForest
(apx-soln)",yes,1.7488440444110642
200,0.1,"StochOptForest
(apx-soln)",yes,1.8036778177597914
200,0.1,"StochOptForest
(apx-soln)",yes,1.8507394202461978
200,0.1,"StochOptForest
(apx-soln)",yes,1.6965587407323899
200,0.1,"StochOptForest
(apx-soln)",yes,2.72562328420634
200,0.1,"StochOptForest
(apx-soln)",no,3.1157248889735745
200,0.1,"StochOptForest
(apx-soln)",no,2.2591399727644346
200,0.1,"StochOptForest
(apx-soln)",no,2.3012854747083376
200,0.1,"StochOptForest
(apx-soln)",no,2.9446287622241862
200,0.1,"StochOptForest
(apx-soln)",no,3.30741655237797
200,0.1,"StochOptForest
(apx-soln)",no,2.1986405714771613
200,0.1,"StochOptForest
(apx-soln)",no,2.2792087776201817
200,0.1,"StochOptForest
(apx-soln)",no,2.582605026875583
200,0.1,"StochOptForest
(apx-soln)",no,2.481702609347297
200,0.1,"StochOptForest
(apx-soln)",no,5.007466555657227
200,0.1,"StochOptForest
(apx-soln)",no,2.4719956359735837
200,0.1,"StochOptForest
(apx-soln)",no,2.312368347105831
200,0.1,"StochOptForest
(apx-soln)",no,2.532661617895406
200,0.1,"StochOptForest
(apx-soln)",no,3.8422317373306325
200,0.1,"StochOptForest
(apx-soln)",no,3.458372341839894
200,0.1,"StochOptForest
(apx-soln)",no,2.8533172753602978
200,0.1,"StochOptForest
(apx-soln)",no,3.324666393409674
200,0.1,"StochOptForest
(apx-soln)",no,2.537620989967122
200,0.1,"StochOptForest
(apx-soln)",no,1.9948179952909375
200,0.1,"StochOptForest
(apx-soln)",no,2.66868889556681
200,0.1,"StochOptForest
(apx-soln)",no,2.8169467632165275
200,0.1,"StochOptForest
(apx-soln)",no,3.7385664793475124
200,0.1,"StochOptForest
(apx-soln)",no,3.6688316053595287
200,0.1,"StochOptForest
(apx-soln)",no,4.5106003452753285
200,0.1,"StochOptForest
(apx-soln)",no,2.82481397450748
200,0.1,"StochOptForest
(apx-soln)",no,2.4808176215840096
200,0.1,"StochOptForest
(apx-soln)",no,2.435582693825706
200,0.1,"StochOptForest
(apx-soln)",no,2.266890727624058
200,0.1,"StochOptForest
(apx-soln)",no,2.800077944023356
200,0.1,"StochOptForest
(apx-soln)",no,2.073327274473447
200,0.1,"StochOptForest
(apx-soln)",no,2.5145763651600914
200,0.1,"StochOptForest
(apx-soln)",no,1.8381043892852165
200,0.1,"StochOptForest
(apx-soln)",no,2.907216419859098
200,0.1,"StochOptForest
(apx-soln)",no,3.1386032529510617
200,0.1,"StochOptForest
(apx-soln)",no,2.7408311212515137
200,0.1,"StochOptForest
(apx-soln)",no,3.9643877627436375
200,0.1,"StochOptForest
(apx-soln)",no,2.8383005061052793
200,0.1,"StochOptForest
(apx-soln)",no,3.0466193560938373
200,0.1,"StochOptForest
(apx-soln)",no,2.888641874274877
200,0.1,"StochOptForest
(apx-soln)",no,2.2295188651640387
200,0.1,"StochOptForest
(apx-soln)",no,2.648255753816784
200,0.1,"StochOptForest
(apx-soln)",no,3.5765885795743695
200,0.1,"StochOptForest
(apx-soln)",no,2.306972384321913
200,0.1,"StochOptForest
(apx-soln)",no,2.1564972461954866
200,0.1,"StochOptForest
(apx-soln)",no,2.1735055838692583
200,0.1,"StochOptForest
(apx-soln)",no,2.4445106513327897
200,0.1,"StochOptForest
(apx-soln)",no,2.492154624889517
200,0.1,"StochOptForest
(apx-soln)",no,3.6796136189286903
200,0.1,"StochOptForest
(apx-soln)",no,3.7207331187325217
200,0.1,"StochOptForest
(apx-soln)",no,3.9081374426974067
200,0.1,"StochOptForest
(apx-risk)",yes,4.295417042243024
200,0.1,"StochOptForest
(apx-risk)",yes,1.3725182061245635
200,0.1,"StochOptForest
(apx-risk)",yes,1.2507275965453222
200,0.1,"StochOptForest
(apx-risk)",yes,1.6102096793279284
200,0.1,"StochOptForest
(apx-risk)",yes,1.5083689410132668
200,0.1,"StochOptForest
(apx-risk)",yes,1.233967719831762
200,0.1,"StochOptForest
(apx-risk)",yes,1.327253410414638
200,0.1,"StochOptForest
(apx-risk)",yes,1.5464806901031227
200,0.1,"StochOptForest
(apx-risk)",yes,1.6397828459767516
200,0.1,"StochOptForest
(apx-risk)",yes,3.069067456269524
200,0.1,"StochOptForest
(apx-risk)",yes,1.3410977949299814
200,0.1,"StochOptForest
(apx-risk)",yes,1.3916733638619023
200,0.1,"StochOptForest
(apx-risk)",yes,1.6254652247844994
200,0.1,"StochOptForest
(apx-risk)",yes,1.7395376405053977
200,0.1,"StochOptForest
(apx-risk)",yes,2.238299005434166
200,0.1,"StochOptForest
(apx-risk)",yes,1.8836269432168702
200,0.1,"StochOptForest
(apx-risk)",yes,1.4235779479989557
200,0.1,"StochOptForest
(apx-risk)",yes,1.4422471423116277
200,0.1,"StochOptForest
(apx-risk)",yes,1.356599668990109
200,0.1,"StochOptForest
(apx-risk)",yes,1.702445593242711
200,0.1,"StochOptForest
(apx-risk)",yes,1.3465694666843337
200,0.1,"StochOptForest
(apx-risk)",yes,1.5759474769632151
200,0.1,"StochOptForest
(apx-risk)",yes,1.7473054088733704
200,0.1,"StochOptForest
(apx-risk)",yes,2.7542914384944175
200,0.1,"StochOptForest
(apx-risk)",yes,1.8310094592982307
200,0.1,"StochOptForest
(apx-risk)",yes,1.5345549112897932
200,0.1,"StochOptForest
(apx-risk)",yes,1.5047649478593788
200,0.1,"StochOptForest
(apx-risk)",yes,1.2819584459917726
200,0.1,"StochOptForest
(apx-risk)",yes,1.7084906966529183
200,0.1,"StochOptForest
(apx-risk)",yes,1.1130472414853247
200,0.1,"StochOptForest
(apx-risk)",yes,1.9158774410986494
200,0.1,"StochOptForest
(apx-risk)",yes,1.3559705821844994
200,0.1,"StochOptForest
(apx-risk)",yes,1.9470226262257533
200,0.1,"StochOptForest
(apx-risk)",yes,1.7157353027623579
200,0.1,"StochOptForest
(apx-risk)",yes,1.3993374089958805
200,0.1,"StochOptForest
(apx-risk)",yes,2.383816204148463
200,0.1,"StochOptForest
(apx-risk)",yes,1.3411018036944888
200,0.1,"StochOptForest
(apx-risk)",yes,1.7918656204857708
200,0.1,"StochOptForest
(apx-risk)",yes,1.409307045481291
200,0.1,"StochOptForest
(apx-risk)",yes,1.3118981206226903
200,0.1,"StochOptForest
(apx-risk)",yes,1.4106118363115632
200,0.1,"StochOptForest
(apx-risk)",yes,1.9899744041744032
200,0.1,"StochOptForest
(apx-risk)",yes,1.3686995802811064
200,0.1,"StochOptForest
(apx-risk)",yes,1.3144336697979615
200,0.1,"StochOptForest
(apx-risk)",yes,1.4528063296451659
200,0.1,"StochOptForest
(apx-risk)",yes,1.8872693279208785
200,0.1,"StochOptForest
(apx-risk)",yes,1.6892101137528013
200,0.1,"StochOptForest
(apx-risk)",yes,1.740356019381731
200,0.1,"StochOptForest
(apx-risk)",yes,2.0206205047989405
200,0.1,"StochOptForest
(apx-risk)",yes,2.576479362014755
200,0.1,"StochOptForest
(apx-risk)",no,2.8732248696300777
200,0.1,"StochOptForest
(apx-risk)",no,1.3267522847222935
200,0.1,"StochOptForest
(apx-risk)",no,1.2128567600171234
200,0.1,"StochOptForest
(apx-risk)",no,1.4721109798598493
200,0.1,"StochOptForest
(apx-risk)",no,1.3941590257572924
200,0.1,"StochOptForest
(apx-risk)",no,1.2156248869278876
200,0.1,"StochOptForest
(apx-risk)",no,1.2911005677400917
200,0.1,"StochOptForest
(apx-risk)",no,1.581014198679324
200,0.1,"StochOptForest
(apx-risk)",no,1.3937211857472578
200,0.1,"StochOptForest
(apx-risk)",no,2.858624314797036
200,0.1,"StochOptForest
(apx-risk)",no,1.2122795559462751
200,0.1,"StochOptForest
(apx-risk)",no,1.4625802928784601
200,0.1,"StochOptForest
(apx-risk)",no,1.5018448615501292
200,0.1,"StochOptForest
(apx-risk)",no,1.5875415690251484
200,0.1,"StochOptForest
(apx-risk)",no,1.9457731702127248
200,0.1,"StochOptForest
(apx-risk)",no,2.2573412138241102
200,0.1,"StochOptForest
(apx-risk)",no,1.3851753423777096
200,0.1,"StochOptForest
(apx-risk)",no,1.4674697882750718
200,0.1,"StochOptForest
(apx-risk)",no,1.3974561304680728
200,0.1,"StochOptForest
(apx-risk)",no,1.5494151885173066
200,0.1,"StochOptForest
(apx-risk)",no,1.4071466872065213
200,0.1,"StochOptForest
(apx-risk)",no,1.4612347837181834
200,0.1,"StochOptForest
(apx-risk)",no,1.5077470957901673
200,0.1,"StochOptForest
(apx-risk)",no,1.9219896160846797
200,0.1,"StochOptForest
(apx-risk)",no,1.8341667347566744
200,0.1,"StochOptForest
(apx-risk)",no,1.4668845557625965
200,0.1,"StochOptForest
(apx-risk)",no,1.4679976374365522
200,0.1,"StochOptForest
(apx-risk)",no,1.2629500138681005
200,0.1,"StochOptForest
(apx-risk)",no,1.7810801344322094
200,0.1,"StochOptForest
(apx-risk)",no,1.1947841312218634
200,0.1,"StochOptForest
(apx-risk)",no,1.903804102123824
200,0.1,"StochOptForest
(apx-risk)",no,1.381354749232566
200,0.1,"StochOptForest
(apx-risk)",no,1.4785747537414529
200,0.1,"StochOptForest
(apx-risk)",no,1.6163719748994831
200,0.1,"StochOptForest
(apx-risk)",no,1.3132347176905184
200,0.1,"StochOptForest
(apx-risk)",no,2.0807583908555496
200,0.1,"StochOptForest
(apx-risk)",no,1.280313143304629
200,0.1,"StochOptForest
(apx-risk)",no,1.6615247600624876
200,0.1,"StochOptForest
(apx-risk)",no,1.314057816832677
200,0.1,"StochOptForest
(apx-risk)",no,1.142823367242745
200,0.1,"StochOptForest
(apx-risk)",no,1.4014788399973461
200,0.1,"StochOptForest
(apx-risk)",no,1.9057317142851868
200,0.1,"StochOptForest
(apx-risk)",no,1.2589260036264835
200,0.1,"StochOptForest
(apx-risk)",no,1.2321289137163731
200,0.1,"StochOptForest
(apx-risk)",no,1.3475478858677017
200,0.1,"StochOptForest
(apx-risk)",no,1.2351314714575512
200,0.1,"StochOptForest
(apx-risk)",no,1.5494026390666094
200,0.1,"StochOptForest
(apx-risk)",no,1.4826563318054582
200,0.1,"StochOptForest
(apx-risk)",no,1.8364999621231677
200,0.1,"StochOptForest
(apx-risk)",no,2.0663795326355836
200,0.1,RandSplitForest,no,2.960034607379489
200,0.1,RandSplitForest,no,2.2890179641487496
200,0.1,RandSplitForest,no,2.292724807051051
200,0.1,RandSplitForest,no,2.886832261695934
200,0.1,RandSplitForest,no,2.8942734041515967
200,0.1,RandSplitForest,no,2.0988177419203367
200,0.1,RandSplitForest,no,2.0995631307597846
200,0.1,RandSplitForest,no,2.5391084860678554
200,0.1,RandSplitForest,no,2.441793821596556
200,0.1,RandSplitForest,no,4.756640888649605
200,0.1,RandSplitForest,no,2.46495435299324
200,0.1,RandSplitForest,no,2.192581232911522
200,0.1,RandSplitForest,no,2.384007153460203
200,0.1,RandSplitForest,no,3.5150894356061153
200,0.1,RandSplitForest,no,3.3928348964781665
200,0.1,RandSplitForest,no,2.6863141458780224
200,0.1,RandSplitForest,no,3.177662806234436
200,0.1,RandSplitForest,no,2.3909440800245827
200,0.1,RandSplitForest,no,1.8838939149719667
200,0.1,RandSplitForest,no,2.571616828478732
200,0.1,RandSplitForest,no,2.8101174006236755
200,0.1,RandSplitForest,no,3.4623310297980243
200,0.1,RandSplitForest,no,3.5467808100705067
200,0.1,RandSplitForest,no,4.3835341801872625
200,0.1,RandSplitForest,no,2.7090488855521198
200,0.1,RandSplitForest,no,2.421824934117098
200,0.1,RandSplitForest,no,2.4009234909862966
200,0.1,RandSplitForest,no,2.2546313878818904
200,0.1,RandSplitForest,no,2.7151441745006766
200,0.1,RandSplitForest,no,2.0292004716602015
200,0.1,RandSplitForest,no,2.374700559960376
200,0.1,RandSplitForest,no,1.7989454957150457
200,0.1,RandSplitForest,no,2.801726598335982
200,0.1,RandSplitForest,no,2.9422353124663085
200,0.1,RandSplitForest,no,2.5858585182453693
200,0.1,RandSplitForest,no,3.7156781615621566
200,0.1,RandSplitForest,no,2.517705185920944
200,0.1,RandSplitForest,no,2.925723986771843
200,0.1,RandSplitForest,no,2.8183822978992588
200,0.1,RandSplitForest,no,2.032797208149842
200,0.1,RandSplitForest,no,2.5629544956535915
200,0.1,RandSplitForest,no,3.484137864093206
200,0.1,RandSplitForest,no,2.2597881255735968
200,0.1,RandSplitForest,no,1.9006938269721612
200,0.1,RandSplitForest,no,2.0298393905692165
200,0.1,RandSplitForest,no,2.4171157623963833
200,0.1,RandSplitForest,no,2.3352333314094227
200,0.1,RandSplitForest,no,3.3008956062986488
200,0.1,RandSplitForest,no,3.5024539538121338
200,0.1,RandSplitForest,no,3.821454153651298
200,0.1,RandForest,no,2.468519015988444
200,0.1,RandForest,no,2.2646519650288397
200,0.1,RandForest,no,2.121074356598786
200,0.1,RandForest,no,2.5707767967848567
200,0.1,RandForest,no,1.8896657476210443
200,0.1,RandForest,no,1.829113016573942
200,0.1,RandForest,no,1.7355856696703902
200,0.1,RandForest,no,2.382739466105754
200,0.1,RandForest,no,1.9056738852282402
200,0.1,RandForest,no,3.317319748549678
200,0.1,RandForest,no,2.125051997426584
200,0.1,RandForest,no,1.5967724245999448
200,0.1,RandForest,no,2.008103728438319
200,0.1,RandForest,no,2.723556152344618
200,0.1,RandForest,no,2.6662127938080475
200,0.1,RandForest,no,3.486137078014913
200,0.1,RandForest,no,3.0263936079715337
200,0.1,RandForest,no,2.522366837645498
200,0.1,RandForest,no,1.5142070603110578
200,0.1,RandForest,no,1.8491407214221536
200,0.1,RandForest,no,2.3422318751397255
200,0.1,RandForest,no,2.8251078624684025
200,0.1,RandForest,no,3.156179947914474
200,0.1,RandForest,no,3.9595270118333246
200,0.1,RandForest,no,2.1415045334334972
200,0.1,RandForest,no,2.1570422925773896
200,0.1,RandForest,no,2.023656289105657
200,0.1,RandForest,no,1.9573592727115257
200,0.1,RandForest,no,2.3496486400826475
200,0.1,RandForest,no,1.8711165815969675
200,0.1,RandForest,no,2.2212947828314897
200,0.1,RandForest,no,1.504156253884524
200,0.1,RandForest,no,2.123376724576775
200,0.1,RandForest,no,2.3968081969709045
200,0.1,RandForest,no,1.7421002591472972
200,0.1,RandForest,no,3.1472229056572325
200,0.1,RandForest,no,2.161126979510294
200,0.1,RandForest,no,4.670087069561992
200,0.1,RandForest,no,2.500330334685903
200,0.1,RandForest,no,1.4598683278327629
200,0.1,RandForest,no,2.2030215624301674
200,0.1,RandForest,no,2.4466139517680947
200,0.1,RandForest,no,2.0389954920932998
200,0.1,RandForest,no,1.5272900381673673
200,0.1,RandForest,no,1.7325957790392286
200,0.1,RandForest,no,2.2137611847049303
200,0.1,RandForest,no,2.067073992146914
200,0.1,RandForest,no,2.7408692305274958
200,0.1,RandForest,no,2.4107874143716703
200,0.1,RandForest,no,3.190636405869285
400,0.1,"StochOptForest
(apx-soln)",yes,1.218027064197888
400,0.1,"StochOptForest
(apx-soln)",yes,1.0778318838182355
400,0.1,"StochOptForest
(apx-soln)",yes,1.3054794120271267
400,0.1,"StochOptForest
(apx-soln)",yes,1.2079980287439174
400,0.1,"StochOptForest
(apx-soln)",yes,1.403604753906739
400,0.1,"StochOptForest
(apx-soln)",yes,1.3464214541019308
400,0.1,"StochOptForest
(apx-soln)",yes,1.5435222859310516
400,0.1,"StochOptForest
(apx-soln)",yes,1.3458840131764114
400,0.1,"StochOptForest
(apx-soln)",yes,1.551808099540184
400,0.1,"StochOptForest
(apx-soln)",yes,1.2466184768035786
400,0.1,"StochOptForest
(apx-soln)",yes,1.235251650191033
400,0.1,"StochOptForest
(apx-soln)",yes,1.1118354645414563
400,0.1,"StochOptForest
(apx-soln)",yes,1.502527197235267
400,0.1,"StochOptForest
(apx-soln)",yes,1.355598548760919
400,0.1,"StochOptForest
(apx-soln)",yes,1.4982148593903675
400,0.1,"StochOptForest
(apx-soln)",yes,1.2381911306804967
400,0.1,"StochOptForest
(apx-soln)",yes,1.2496199055230577
400,0.1,"StochOptForest
(apx-soln)",yes,1.0543274273413483
400,0.1,"StochOptForest
(apx-soln)",yes,1.6349726193226772
400,0.1,"StochOptForest
(apx-soln)",yes,1.1862729853473086
400,0.1,"StochOptForest
(apx-soln)",yes,1.5124472365289046
400,0.1,"StochOptForest
(apx-soln)",yes,1.2646857819155355
400,0.1,"StochOptForest
(apx-soln)",yes,1.2161866748632217
400,0.1,"StochOptForest
(apx-soln)",yes,1.252696225358019
400,0.1,"StochOptForest
(apx-soln)",yes,1.4530674849457001
400,0.1,"StochOptForest
(apx-soln)",yes,1.3775165279813255
400,0.1,"StochOptForest
(apx-soln)",yes,1.5134073165702717
400,0.1,"StochOptForest
(apx-soln)",yes,1.433050108164412
400,0.1,"StochOptForest
(apx-soln)",yes,1.2314401076016919
400,0.1,"StochOptForest
(apx-soln)",yes,1.3475418325507602
400,0.1,"StochOptForest
(apx-soln)",yes,1.194766239310373
400,0.1,"StochOptForest
(apx-soln)",yes,1.224716991425892
400,0.1,"StochOptForest
(apx-soln)",yes,1.491767721060943
400,0.1,"StochOptForest
(apx-soln)",yes,1.2759868620447818
400,0.1,"StochOptForest
(apx-soln)",yes,1.4801203488694508
400,0.1,"StochOptForest
(apx-soln)",yes,1.1966744174316448
400,0.1,"StochOptForest
(apx-soln)",yes,1.4619708171223345
400,0.1,"StochOptForest
(apx-soln)",yes,1.7325694196852834
400,0.1,"StochOptForest
(apx-soln)",yes,1.2931186562661976
400,0.1,"StochOptForest
(apx-soln)",yes,1.390946609982606
400,0.1,"StochOptForest
(apx-soln)",yes,1.375203827701632
400,0.1,"StochOptForest
(apx-soln)",yes,1.1619961659708555
400,0.1,"StochOptForest
(apx-soln)",yes,1.3490835145399518
400,0.1,"StochOptForest
(apx-soln)",yes,1.2904335240611418
400,0.1,"StochOptForest
(apx-soln)",yes,1.506162971999546
400,0.1,"StochOptForest
(apx-soln)",yes,1.7014223628607599
400,0.1,"StochOptForest
(apx-soln)",yes,1.4028564422942078
400,0.1,"StochOptForest
(apx-soln)",yes,1.441202844408437
400,0.1,"StochOptForest
(apx-soln)",yes,1.4149675280111238
400,0.1,"StochOptForest
(apx-soln)",yes,1.2631684034514314
400,0.1,"StochOptForest
(apx-soln)",no,2.577230627001249
400,0.1,"StochOptForest
(apx-soln)",no,2.1685341749009788
400,0.1,"StochOptForest
(apx-soln)",no,2.296319658374491
400,0.1,"StochOptForest
(apx-soln)",no,3.095933624196652
400,0.1,"StochOptForest
(apx-soln)",no,2.32242378994401
400,0.1,"StochOptForest
(apx-soln)",no,2.890816495189164
400,0.1,"StochOptForest
(apx-soln)",no,3.0453485940183507
400,0.1,"StochOptForest
(apx-soln)",no,2.8759305437906755
400,0.1,"StochOptForest
(apx-soln)",no,2.9143508077954188
400,0.1,"StochOptForest
(apx-soln)",no,2.1171505316101547
400,0.1,"StochOptForest
(apx-soln)",no,2.3909809843754597
400,0.1,"StochOptForest
(apx-soln)",no,2.2786496302988475
400,0.1,"StochOptForest
(apx-soln)",no,2.6850552389213767
400,0.1,"StochOptForest
(apx-soln)",no,2.244890108332201
400,0.1,"StochOptForest
(apx-soln)",no,3.039813048675659
400,0.1,"StochOptForest
(apx-soln)",no,2.7928342709981906
400,0.1,"StochOptForest
(apx-soln)",no,2.6705823817055685
400,0.1,"StochOptForest
(apx-soln)",no,2.5304781943790338
400,0.1,"StochOptForest
(apx-soln)",no,3.0739412282633944
400,0.1,"StochOptForest
(apx-soln)",no,3.0222267383661032
400,0.1,"StochOptForest
(apx-soln)",no,2.702198826727956
400,0.1,"StochOptForest
(apx-soln)",no,2.073580394679912
400,0.1,"StochOptForest
(apx-soln)",no,2.343066638785802
400,0.1,"StochOptForest
(apx-soln)",no,2.327499811309961
400,0.1,"StochOptForest
(apx-soln)",no,2.4456364683596012
400,0.1,"StochOptForest
(apx-soln)",no,2.5533146862110208
400,0.1,"StochOptForest
(apx-soln)",no,2.7619202646822263
400,0.1,"StochOptForest
(apx-soln)",no,2.9921327591675886
400,0.1,"StochOptForest
(apx-soln)",no,2.532285146510442
400,0.1,"StochOptForest
(apx-soln)",no,2.8816212745570424
400,0.1,"StochOptForest
(apx-soln)",no,2.5471602797759934
400,0.1,"StochOptForest
(apx-soln)",no,2.648275101946755
400,0.1,"StochOptForest
(apx-soln)",no,2.492180249706234
400,0.1,"StochOptForest
(apx-soln)",no,2.7096209795101083
400,0.1,"StochOptForest
(apx-soln)",no,2.8725169292986577
400,0.1,"StochOptForest
(apx-soln)",no,3.1043888452187844
400,0.1,"StochOptForest
(apx-soln)",no,3.037628115531449
400,0.1,"StochOptForest
(apx-soln)",no,2.890117397247405
400,0.1,"StochOptForest
(apx-soln)",no,2.5597530037906573
400,0.1,"StochOptForest
(apx-soln)",no,2.702469823757761
400,0.1,"StochOptForest
(apx-soln)",no,2.4704801768440285
400,0.1,"StochOptForest
(apx-soln)",no,2.0283293334332155
400,0.1,"StochOptForest
(apx-soln)",no,2.35179462114955
400,0.1,"StochOptForest
(apx-soln)",no,2.4266285831771874
400,0.1,"StochOptForest
(apx-soln)",no,3.05883758329572
400,0.1,"StochOptForest
(apx-soln)",no,3.097012020812675
400,0.1,"StochOptForest
(apx-soln)",no,2.8598867221725524
400,0.1,"StochOptForest
(apx-soln)",no,2.6853406801218878
400,0.1,"StochOptForest
(apx-soln)",no,2.79749840186805
400,0.1,"StochOptForest
(apx-soln)",no,2.117166539943351
400,0.1,"StochOptForest
(apx-risk)",yes,1.225159436001901
400,0.1,"StochOptForest
(apx-risk)",yes,1.057255427272839
400,0.1,"StochOptForest
(apx-risk)",yes,1.2358572366322973
400,0.1,"StochOptForest
(apx-risk)",yes,0.9692959026843301
400,0.1,"StochOptForest
(apx-risk)",yes,1.4462770071563724
400,0.1,"StochOptForest
(apx-risk)",yes,1.2788491550039225
400,0.1,"StochOptForest
(apx-risk)",yes,1.419579193384463
400,0.1,"StochOptForest
(apx-risk)",yes,1.3146382921106996
400,0.1,"StochOptForest
(apx-risk)",yes,1.3743157911378379
400,0.1,"StochOptForest
(apx-risk)",yes,1.2196054563255412
400,0.1,"StochOptForest
(apx-risk)",yes,1.162919414180859
400,0.1,"StochOptForest
(apx-risk)",yes,1.1041199474393626
400,0.1,"StochOptForest
(apx-risk)",yes,1.3749818953495025
400,0.1,"StochOptForest
(apx-risk)",yes,1.316052669830513
400,0.1,"StochOptForest
(apx-risk)",yes,1.2832340349216371
400,0.1,"StochOptForest
(apx-risk)",yes,1.3127407334413472
400,0.1,"StochOptForest
(apx-risk)",yes,1.2033203415196645
400,0.1,"StochOptForest
(apx-risk)",yes,1.0482468557618394
400,0.1,"StochOptForest
(apx-risk)",yes,1.469749799891819
400,0.1,"StochOptForest
(apx-risk)",yes,1.1086449484765653
400,0.1,"StochOptForest
(apx-risk)",yes,1.386630282460721
400,0.1,"StochOptForest
(apx-risk)",yes,1.1945089661632264
400,0.1,"StochOptForest
(apx-risk)",yes,1.142688407681736
400,0.1,"StochOptForest
(apx-risk)",yes,1.2078192363068094
400,0.1,"StochOptForest
(apx-risk)",yes,1.242304426155053
400,0.1,"StochOptForest
(apx-risk)",yes,1.3893151384782179
400,0.1,"StochOptForest
(apx-risk)",yes,1.440717771300877
400,0.1,"StochOptForest
(apx-risk)",yes,1.3662144690401834
400,0.1,"StochOptForest
(apx-risk)",yes,1.2360209674742622
400,0.1,"StochOptForest
(apx-risk)",yes,1.318373376955
400,0.1,"StochOptForest
(apx-risk)",yes,1.2011592819916075
400,0.1,"StochOptForest
(apx-risk)",yes,1.154555785031802
400,0.1,"StochOptForest
(apx-risk)",yes,1.2325173943775884
400,0.1,"StochOptForest
(apx-risk)",yes,1.1685550948979826
400,0.1,"StochOptForest
(apx-risk)",yes,1.372421194536246
400,0.1,"StochOptForest
(apx-risk)",yes,1.4331819988677912
400,0.1,"StochOptForest
(apx-risk)",yes,1.447787645233196
400,0.1,"StochOptForest
(apx-risk)",yes,1.6222175809774293
400,0.1,"StochOptForest
(apx-risk)",yes,1.192679446989492
400,0.1,"StochOptForest
(apx-risk)",yes,1.1899903020562672
400,0.1,"StochOptForest
(apx-risk)",yes,1.2523322063092754
400,0.1,"StochOptForest
(apx-risk)",yes,1.2150612227488577
400,0.1,"StochOptForest
(apx-risk)",yes,1.1926337157702833
400,0.1,"StochOptForest
(apx-risk)",yes,1.330111452010218
400,0.1,"StochOptForest
(apx-risk)",yes,1.3328799945167589
400,0.1,"StochOptForest
(apx-risk)",yes,1.536827761054141
400,0.1,"StochOptForest
(apx-risk)",yes,1.27760287737138
400,0.1,"StochOptForest
(apx-risk)",yes,1.3500793669723365
400,0.1,"StochOptForest
(apx-risk)",yes,1.352335507450758
400,0.1,"StochOptForest
(apx-risk)",yes,1.1883288712867495
400,0.1,"StochOptForest
(apx-risk)",no,1.2239410091195455
400,0.1,"StochOptForest
(apx-risk)",no,1.0553219172726682
400,0.1,"StochOptForest
(apx-risk)",no,1.164887224399995
400,0.1,"StochOptForest
(apx-risk)",no,1.3142191470797475
400,0.1,"StochOptForest
(apx-risk)",no,1.3314082332323294
400,0.1,"StochOptForest
(apx-risk)",no,1.2129039591918849
400,0.1,"StochOptForest
(apx-risk)",no,1.3929411958773854
400,0.1,"StochOptForest
(apx-risk)",no,1.3030566197661826
400,0.1,"StochOptForest
(apx-risk)",no,1.587780423468742
400,0.1,"StochOptForest
(apx-risk)",no,1.2090186838590258
400,0.1,"StochOptForest
(apx-risk)",no,1.1119213600882796
400,0.1,"StochOptForest
(apx-risk)",no,1.0929121915039122
400,0.1,"StochOptForest
(apx-risk)",no,1.2082347091546064
400,0.1,"StochOptForest
(apx-risk)",no,1.2517474213958495
400,0.1,"StochOptForest
(apx-risk)",no,1.2316997689409919
400,0.1,"StochOptForest
(apx-risk)",no,1.2693845884220056
400,0.1,"StochOptForest
(apx-risk)",no,1.1610783957817428
400,0.1,"StochOptForest
(apx-risk)",no,1.0362773010617443
400,0.1,"StochOptForest
(apx-risk)",no,1.4185755303926977
400,0.1,"StochOptForest
(apx-risk)",no,1.0860126655829603
400,0.1,"StochOptForest
(apx-risk)",no,1.2513083958160427
400,0.1,"StochOptForest
(apx-risk)",no,1.2067863977271052
400,0.1,"StochOptForest
(apx-risk)",no,1.0942835033214509
400,0.1,"StochOptForest
(apx-risk)",no,1.1869344982402803
400,0.1,"StochOptForest
(apx-risk)",no,1.2094473327666149
400,0.1,"StochOptForest
(apx-risk)",no,1.1941386255827773
400,0.1,"StochOptForest
(apx-risk)",no,1.2768918524330293
400,0.1,"StochOptForest
(apx-risk)",no,1.3203680788985868
400,0.1,"StochOptForest
(apx-risk)",no,1.1528838297547697
400,0.1,"StochOptForest
(apx-risk)",no,1.2096804449164957
400,0.1,"StochOptForest
(apx-risk)",no,1.1978271740205273
400,0.1,"StochOptForest
(apx-risk)",no,1.1681696274712499
400,0.1,"StochOptForest
(apx-risk)",no,1.1813225592249612
400,0.1,"StochOptForest
(apx-risk)",no,1.160332410584044
400,0.1,"StochOptForest
(apx-risk)",no,1.3345325669838435
400,0.1,"StochOptForest
(apx-risk)",no,1.7269533408651314
400,0.1,"StochOptForest
(apx-risk)",no,1.4577961592727313
400,0.1,"StochOptForest
(apx-risk)",no,1.5995230764008876
400,0.1,"StochOptForest
(apx-risk)",no,1.4057596958342258
400,0.1,"StochOptForest
(apx-risk)",no,1.271880610677726
400,0.1,"StochOptForest
(apx-risk)",no,1.223752704630883
400,0.1,"StochOptForest
(apx-risk)",no,1.3307298607510787
400,0.1,"StochOptForest
(apx-risk)",no,1.2036444292833004
400,0.1,"StochOptForest
(apx-risk)",no,1.2599655874141888
400,0.1,"StochOptForest
(apx-risk)",no,1.2948795630613616
400,0.1,"StochOptForest
(apx-risk)",no,1.4035111424667586
400,0.1,"StochOptForest
(apx-risk)",no,1.2316606383983812
400,0.1,"StochOptForest
(apx-risk)",no,1.2642417741407703
400,0.1,"StochOptForest
(apx-risk)",no,1.355020795531543
400,0.1,"StochOptForest
(apx-risk)",no,1.1340820055684593
400,0.1,RandSplitForest,no,2.4521788629111474
400,0.1,RandSplitForest,no,2.0165429942192588
400,0.1,RandSplitForest,no,2.1743473108209974
400,0.1,RandSplitForest,no,2.9073718056745816
400,0.1,RandSplitForest,no,2.1179806223115287
400,0.1,RandSplitForest,no,2.7216579757042805
400,0.1,RandSplitForest,no,2.9351927862411564
400,0.1,RandSplitForest,no,2.445187750547967
400,0.1,RandSplitForest,no,2.863629042148565
400,0.1,RandSplitForest,no,2.0431432427100122
400,0.1,RandSplitForest,no,2.300691506057631
400,0.1,RandSplitForest,no,2.204425467262891
400,0.1,RandSplitForest,no,2.502189020411024
400,0.1,RandSplitForest,no,2.182714896669475
400,0.1,RandSplitForest,no,2.89933131484706
400,0.1,RandSplitForest,no,2.6845532723675753
400,0.1,RandSplitForest,no,2.469838302420668
400,0.1,RandSplitForest,no,2.4025644932121435
400,0.1,RandSplitForest,no,2.9093984791123964
400,0.1,RandSplitForest,no,2.907020353165997
400,0.1,RandSplitForest,no,2.558513854663879
400,0.1,RandSplitForest,no,1.979957410149602
400,0.1,RandSplitForest,no,2.276927440438453
400,0.1,RandSplitForest,no,2.275098978465209
400,0.1,RandSplitForest,no,2.3292419217059015
400,0.1,RandSplitForest,no,2.510537946343347
400,0.1,RandSplitForest,no,2.5509219057391546
400,0.1,RandSplitForest,no,2.7932486978643096
400,0.1,RandSplitForest,no,2.3673534690824556
400,0.1,RandSplitForest,no,2.714622710486331
400,0.1,RandSplitForest,no,2.4577735459111336
400,0.1,RandSplitForest,no,2.5876150931246857
400,0.1,RandSplitForest,no,2.4948064284765095
400,0.1,RandSplitForest,no,2.6074532070935224
400,0.1,RandSplitForest,no,2.751275159199518
400,0.1,RandSplitForest,no,2.6607117186642073
400,0.1,RandSplitForest,no,2.7877256154159493
400,0.1,RandSplitForest,no,2.7598032787091764
400,0.1,RandSplitForest,no,2.408495704550224
400,0.1,RandSplitForest,no,2.4372404724770225
400,0.1,RandSplitForest,no,2.3907691356130187
400,0.1,RandSplitForest,no,1.9642675266256955
400,0.1,RandSplitForest,no,2.2896406522869315
400,0.1,RandSplitForest,no,2.336043723119837
400,0.1,RandSplitForest,no,2.764682339368381
400,0.1,RandSplitForest,no,2.9369035127924255
400,0.1,RandSplitForest,no,2.5780327299556105
400,0.1,RandSplitForest,no,2.5228715217056705
400,0.1,RandSplitForest,no,2.6892778293314152
400,0.1,RandSplitForest,no,2.0276935423530036
400,0.1,RandForest,no,2.091767787489747
400,0.1,RandForest,no,1.9669376146379027
400,0.1,RandForest,no,1.9748734134691954
400,0.1,RandForest,no,2.489780155380058
400,0.1,RandForest,no,1.6558939939549961
400,0.1,RandForest,no,2.1427165370449113
400,0.1,RandForest,no,2.5172365647854287
400,0.1,RandForest,no,1.918268851258273
400,0.1,RandForest,no,1.9999049188328153
400,0.1,RandForest,no,1.8049269073116916
400,0.1,RandForest,no,1.8977733694196801
400,0.1,RandForest,no,1.7603863383648948
400,0.1,RandForest,no,2.0413738405699045
400,0.1,RandForest,no,1.2860428357860594
400,0.1,RandForest,no,2.2435889203597412
400,0.1,RandForest,no,2.1179436423996063
400,0.1,RandForest,no,2.015794604645977
400,0.1,RandForest,no,1.937352158645894
400,0.1,RandForest,no,3.204613930355555
400,0.1,RandForest,no,2.2992561486507506
400,0.1,RandForest,no,2.032205510163665
400,0.1,RandForest,no,1.704083679172488
400,0.1,RandForest,no,1.9370449576781932
400,0.1,RandForest,no,1.8642158641717002
400,0.1,RandForest,no,1.999232785699404
400,0.1,RandForest,no,1.91121285648124
400,0.1,RandForest,no,2.020294502146678
400,0.1,RandForest,no,1.6904940874602923
400,0.1,RandForest,no,1.9287634250679446
400,0.1,RandForest,no,1.97829719177069
400,0.1,RandForest,no,2.222328730088243
400,0.1,RandForest,no,2.9193112441500255
400,0.1,RandForest,no,1.7825845394007143
400,0.1,RandForest,no,1.8989444550155312
400,0.1,RandForest,no,1.9554494420996944
400,0.1,RandForest,no,1.3867449095362856
400,0.1,RandForest,no,2.0223941605067464
400,0.1,RandForest,no,2.061201957181133
400,0.1,RandForest,no,1.78807473351515
400,0.1,RandForest,no,1.9286268349460938
400,0.1,RandForest,no,2.302398111579698
400,0.1,RandForest,no,1.7764499555499944
400,0.1,RandForest,no,1.687763308643184
400,0.1,RandForest,no,4.192353774014307
400,0.1,RandForest,no,1.924284639770778
400,0.1,RandForest,no,2.161249660849149
400,0.1,RandForest,no,1.846460733716562
400,0.1,RandForest,no,2.1326037243637574
400,0.1,RandForest,no,2.4069048311560453
400,0.1,RandForest,no,1.6112779932157626
800,0.1,"StochOptForest
(apx-soln)",yes,1.1551703163218006
800,0.1,"StochOptForest
(apx-soln)",yes,1.1607316635606493
800,0.1,"StochOptForest
(apx-soln)",yes,1.2240845152965267
800,0.1,"StochOptForest
(apx-soln)",yes,1.216192106862452
800,0.1,"StochOptForest
(apx-soln)",yes,1.3533335702273086
800,0.1,"StochOptForest
(apx-soln)",yes,1.0895389622189307
800,0.1,"StochOptForest
(apx-soln)",yes,1.2674243048423692
800,0.1,"StochOptForest
(apx-soln)",yes,1.1259847534713756
800,0.1,"StochOptForest
(apx-soln)",yes,1.4120994617907319
800,0.1,"StochOptForest
(apx-soln)",yes,1.3262267831176626
800,0.1,"StochOptForest
(apx-soln)",yes,1.158174399786357
800,0.1,"StochOptForest
(apx-soln)",yes,1.1518540076354207
800,0.1,"StochOptForest
(apx-soln)",yes,1.1916059452473082
800,0.1,"StochOptForest
(apx-soln)",yes,1.3423493590756708
800,0.1,"StochOptForest
(apx-soln)",yes,1.164619420548797
800,0.1,"StochOptForest
(apx-soln)",yes,1.3348710002513346
800,0.1,"StochOptForest
(apx-soln)",yes,1.3480279357150595
800,0.1,"StochOptForest
(apx-soln)",yes,1.2191266722921357
800,0.1,"StochOptForest
(apx-soln)",yes,1.263140927909017
800,0.1,"StochOptForest
(apx-soln)",yes,1.280524996846765
800,0.1,"StochOptForest
(apx-soln)",yes,1.0729259297675302
800,0.1,"StochOptForest
(apx-soln)",yes,1.1830681418672513
800,0.1,"StochOptForest
(apx-soln)",yes,1.181285752815923
800,0.1,"StochOptForest
(apx-soln)",yes,1.3027393522251114
800,0.1,"StochOptForest
(apx-soln)",yes,1.1438128137867811
800,0.1,"StochOptForest
(apx-soln)",yes,1.195978678970162
800,0.1,"StochOptForest
(apx-soln)",yes,1.0820625647115596
800,0.1,"StochOptForest
(apx-soln)",yes,1.1590474481477355
800,0.1,"StochOptForest
(apx-soln)",yes,1.3060118906601974
800,0.1,"StochOptForest
(apx-soln)",yes,1.2460238139151283
800,0.1,"StochOptForest
(apx-soln)",yes,1.2583096941134193
800,0.1,"StochOptForest
(apx-soln)",yes,1.1042287666156863
800,0.1,"StochOptForest
(apx-soln)",yes,1.3206472297291747
800,0.1,"StochOptForest
(apx-soln)",yes,1.214248926198697
800,0.1,"StochOptForest
(apx-soln)",yes,1.1389381357721322
800,0.1,"StochOptForest
(apx-soln)",yes,1.1185999254236467
800,0.1,"StochOptForest
(apx-soln)",yes,1.1190222285279556
800,0.1,"StochOptForest
(apx-soln)",yes,1.153299189170239
800,0.1,"StochOptForest
(apx-soln)",yes,1.185880186840338
800,0.1,"StochOptForest
(apx-soln)",yes,1.3213356124322937
800,0.1,"StochOptForest
(apx-soln)",yes,1.1852899642983359
800,0.1,"StochOptForest
(apx-soln)",yes,1.1595259618490723
800,0.1,"StochOptForest
(apx-soln)",yes,1.29005682588271
800,0.1,"StochOptForest
(apx-soln)",yes,1.2037765929234252
800,0.1,"StochOptForest
(apx-soln)",yes,1.2795349729794057
800,0.1,"StochOptForest
(apx-soln)",yes,1.206642587683359
800,0.1,"StochOptForest
(apx-soln)",yes,1.1174373664271307
800,0.1,"StochOptForest
(apx-soln)",yes,1.1904598206675179
800,0.1,"StochOptForest
(apx-soln)",yes,1.0893369282248564
800,0.1,"StochOptForest
(apx-soln)",yes,1.2380314347358374
800,0.1,"StochOptForest
(apx-soln)",no,2.1948928994142634
800,0.1,"StochOptForest
(apx-soln)",no,2.386878053851376
800,0.1,"StochOptForest
(apx-soln)",no,2.3143347087457493
800,0.1,"StochOptForest
(apx-soln)",no,2.775866007005411
800,0.1,"StochOptForest
(apx-soln)",no,3.664608792362352
800,0.1,"StochOptForest
(apx-soln)",no,2.4935702714152868
800,0.1,"StochOptForest
(apx-soln)",no,2.588424324165438
800,0.1,"StochOptForest
(apx-soln)",no,2.9284319079119867
800,0.1,"StochOptForest
(apx-soln)",no,3.0833477045659476
800,0.1,"StochOptForest
(apx-soln)",no,3.90550962460146
800,0.1,"StochOptForest
(apx-soln)",no,2.820806800248287
800,0.1,"StochOptForest
(apx-soln)",no,3.2115391089974388
800,0.1,"StochOptForest
(apx-soln)",no,2.8280756191758796
800,0.1,"StochOptForest
(apx-soln)",no,2.754019039678057
800,0.1,"StochOptForest
(apx-soln)",no,2.8279237946630986
800,0.1,"StochOptForest
(apx-soln)",no,3.534688373640735
800,0.1,"StochOptForest
(apx-soln)",no,2.466473327372613
800,0.1,"StochOptForest
(apx-soln)",no,2.5959874478149754
800,0.1,"StochOptForest
(apx-soln)",no,2.936541650940423
800,0.1,"StochOptForest
(apx-soln)",no,2.8728398942030178
800,0.1,"StochOptForest
(apx-soln)",no,2.2470855883697967
800,0.1,"StochOptForest
(apx-soln)",no,2.7312240869210105
800,0.1,"StochOptForest
(apx-soln)",no,2.3285667083431556
800,0.1,"StochOptForest
(apx-soln)",no,2.7309239304322426
800,0.1,"StochOptForest
(apx-soln)",no,2.861644677589315
800,0.1,"StochOptForest
(apx-soln)",no,2.9731209067056357
800,0.1,"StochOptForest
(apx-soln)",no,2.4222696802226316
800,0.1,"StochOptForest
(apx-soln)",no,2.4924774120303295
800,0.1,"StochOptForest
(apx-soln)",no,2.8710217003427734
800,0.1,"StochOptForest
(apx-soln)",no,2.5829226541524717
800,0.1,"StochOptForest
(apx-soln)",no,3.223998791756424
800,0.1,"StochOptForest
(apx-soln)",no,3.086478737502249
800,0.1,"StochOptForest
(apx-soln)",no,2.4904085415950927
800,0.1,"StochOptForest
(apx-soln)",no,2.6345898309170526
800,0.1,"StochOptForest
(apx-soln)",no,2.379012623357699
800,0.1,"StochOptForest
(apx-soln)",no,2.0589889638593935
800,0.1,"StochOptForest
(apx-soln)",no,2.3183003209819844
800,0.1,"StochOptForest
(apx-soln)",no,2.417911723897134
800,0.1,"StochOptForest
(apx-soln)",no,2.8153128511530574
800,0.1,"StochOptForest
(apx-soln)",no,3.1084483361799493
800,0.1,"StochOptForest
(apx-soln)",no,2.978074163964504
800,0.1,"StochOptForest
(apx-soln)",no,2.5845385804949785
800,0.1,"StochOptForest
(apx-soln)",no,2.873760241443409
800,0.1,"StochOptForest
(apx-soln)",no,3.0187203214930003
800,0.1,"StochOptForest
(apx-soln)",no,3.038195405967023
800,0.1,"StochOptForest
(apx-soln)",no,2.303491758800504
800,0.1,"StochOptForest
(apx-soln)",no,2.4132132720433765
800,0.1,"StochOptForest
(apx-soln)",no,2.845610637302264
800,0.1,"StochOptForest
(apx-soln)",no,3.0448457445002597
800,0.1,"StochOptForest
(apx-soln)",no,2.6514930351857102
800,0.1,"StochOptForest
(apx-risk)",yes,1.0818646746213818
800,0.1,"StochOptForest
(apx-risk)",yes,1.127683488668128
800,0.1,"StochOptForest
(apx-risk)",yes,1.3127169065578033
800,0.1,"StochOptForest
(apx-risk)",yes,1.240171303784963
800,0.1,"StochOptForest
(apx-risk)",yes,1.1781109751821788
800,0.1,"StochOptForest
(apx-risk)",yes,1.0715844559869028
800,0.1,"StochOptForest
(apx-risk)",yes,1.1887174901916284
800,0.1,"StochOptForest
(apx-risk)",yes,1.1032243972482674
800,0.1,"StochOptForest
(apx-risk)",yes,1.2785478019632246
800,0.1,"StochOptForest
(apx-risk)",yes,1.2515495304029212
800,0.1,"StochOptForest
(apx-risk)",yes,1.1069254036987062
800,0.1,"StochOptForest
(apx-risk)",yes,1.2466553879728444
800,0.1,"StochOptForest
(apx-risk)",yes,1.1681651850554775
800,0.1,"StochOptForest
(apx-risk)",yes,1.2906976094470108
800,0.1,"StochOptForest
(apx-risk)",yes,1.1402620049197967
800,0.1,"StochOptForest
(apx-risk)",yes,1.2505357305049378
800,0.1,"StochOptForest
(apx-risk)",yes,1.3031024509826152
800,0.1,"StochOptForest
(apx-risk)",yes,1.1431587687353533
800,0.1,"StochOptForest
(apx-risk)",yes,1.224885143278959
800,0.1,"StochOptForest
(apx-risk)",yes,1.2231127866917666
800,0.1,"StochOptForest
(apx-risk)",yes,1.0622013472081067
800,0.1,"StochOptForest
(apx-risk)",yes,1.2061988053664527
800,0.1,"StochOptForest
(apx-risk)",yes,1.1411198354316858
800,0.1,"StochOptForest
(apx-risk)",yes,1.1796911051583514
800,0.1,"StochOptForest
(apx-risk)",yes,1.15702284510844
800,0.1,"StochOptForest
(apx-risk)",yes,1.1890335146522988
800,0.1,"StochOptForest
(apx-risk)",yes,1.1042315425466103
800,0.1,"StochOptForest
(apx-risk)",yes,1.1250225794837658
800,0.1,"StochOptForest
(apx-risk)",yes,1.2389569694665967
800,0.1,"StochOptForest
(apx-risk)",yes,1.17166711118114
800,0.1,"StochOptForest
(apx-risk)",yes,1.1773602277410915
800,0.1,"StochOptForest
(apx-risk)",yes,1.0841796125478398
800,0.1,"StochOptForest
(apx-risk)",yes,1.3123596647426927
800,0.1,"StochOptForest
(apx-risk)",yes,1.1910560745930994
800,0.1,"StochOptForest
(apx-risk)",yes,1.1130202459892764
800,0.1,"StochOptForest
(apx-risk)",yes,1.1459676375292946
800,0.1,"StochOptForest
(apx-risk)",yes,1.1058498035309727
800,0.1,"StochOptForest
(apx-risk)",yes,1.1837278138059608
800,0.1,"StochOptForest
(apx-risk)",yes,1.1430030979188122
800,0.1,"StochOptForest
(apx-risk)",yes,1.6147177613660195
800,0.1,"StochOptForest
(apx-risk)",yes,1.191891094752436
800,0.1,"StochOptForest
(apx-risk)",yes,1.140365853537397
800,0.1,"StochOptForest
(apx-risk)",yes,1.3051967500705492
800,0.1,"StochOptForest
(apx-risk)",yes,1.219738813648301
800,0.1,"StochOptForest
(apx-risk)",yes,1.2116982405519803
800,0.1,"StochOptForest
(apx-risk)",yes,1.1456300175250471
800,0.1,"StochOptForest
(apx-risk)",yes,1.144777181783619
800,0.1,"StochOptForest
(apx-risk)",yes,1.173184675286274
800,0.1,"StochOptForest
(apx-risk)",yes,1.0983249578386751
800,0.1,"StochOptForest
(apx-risk)",yes,1.2428918296990576
800,0.1,"StochOptForest
(apx-risk)",no,1.0744203001598764
800,0.1,"StochOptForest
(apx-risk)",no,1.1726510551210254
800,0.1,"StochOptForest
(apx-risk)",no,1.1651654857916547
800,0.1,"StochOptForest
(apx-risk)",no,1.1281218069577226
800,0.1,"StochOptForest
(apx-risk)",no,1.1103528307358004
800,0.1,"StochOptForest
(apx-risk)",no,1.0756139640934284
800,0.1,"StochOptForest
(apx-risk)",no,1.1145867549094157
800,0.1,"StochOptForest
(apx-risk)",no,1.0949242685012939
800,0.1,"StochOptForest
(apx-risk)",no,1.2935756535516942
800,0.1,"StochOptForest
(apx-risk)",no,1.260359127509073
800,0.1,"StochOptForest
(apx-risk)",no,1.072689256434451
800,0.1,"StochOptForest
(apx-risk)",no,1.1989150843247105
800,0.1,"StochOptForest
(apx-risk)",no,1.216199426754752
800,0.1,"StochOptForest
(apx-risk)",no,1.3387434435964993
800,0.1,"StochOptForest
(apx-risk)",no,1.1746180512939137
800,0.1,"StochOptForest
(apx-risk)",no,1.4894159879569682
800,0.1,"StochOptForest
(apx-risk)",no,1.1148492641464207
800,0.1,"StochOptForest
(apx-risk)",no,1.1694246033859044
800,0.1,"StochOptForest
(apx-risk)",no,1.118963331203061
800,0.1,"StochOptForest
(apx-risk)",no,1.1951824351559082
800,0.1,"StochOptForest
(apx-risk)",no,1.078827525252365
800,0.1,"StochOptForest
(apx-risk)",no,1.1928935528425104
800,0.1,"StochOptForest
(apx-risk)",no,1.1388562483402562
800,0.1,"StochOptForest
(apx-risk)",no,1.1886770601003716
800,0.1,"StochOptForest
(apx-risk)",no,1.1251010838898445
800,0.1,"StochOptForest
(apx-risk)",no,1.165095545373816
800,0.1,"StochOptForest
(apx-risk)",no,1.1168584260765375
800,0.1,"StochOptForest
(apx-risk)",no,1.1485547995215304
800,0.1,"StochOptForest
(apx-risk)",no,1.2315903876521888
800,0.1,"StochOptForest
(apx-risk)",no,1.117358734912311
800,0.1,"StochOptForest
(apx-risk)",no,1.1569457645876342
800,0.1,"StochOptForest
(apx-risk)",no,1.060726094437225
800,0.1,"StochOptForest
(apx-risk)",no,1.2989435844734323
800,0.1,"StochOptForest
(apx-risk)",no,1.2525400992516562
800,0.1,"StochOptForest
(apx-risk)",no,1.1263893708501027
800,0.1,"StochOptForest
(apx-risk)",no,1.1349421528431634
800,0.1,"StochOptForest
(apx-risk)",no,1.08989970930199
800,0.1,"StochOptForest
(apx-risk)",no,1.0926134744169473
800,0.1,"StochOptForest
(apx-risk)",no,1.229394479226959
800,0.1,"StochOptForest
(apx-risk)",no,1.6377179248872318
800,0.1,"StochOptForest
(apx-risk)",no,1.1384738465309359
800,0.1,"StochOptForest
(apx-risk)",no,1.1163319040054047
800,0.1,"StochOptForest
(apx-risk)",no,1.2313370842297278
800,0.1,"StochOptForest
(apx-risk)",no,1.197375154739393
800,0.1,"StochOptForest
(apx-risk)",no,1.12981049556698
800,0.1,"StochOptForest
(apx-risk)",no,1.1204345149933104
800,0.1,"StochOptForest
(apx-risk)",no,1.1950156538242165
800,0.1,"StochOptForest
(apx-risk)",no,1.2795327622453971
800,0.1,"StochOptForest
(apx-risk)",no,1.1287278561282243
800,0.1,"StochOptForest
(apx-risk)",no,1.2859767926719097
800,0.1,RandSplitForest,no,2.049013553121871
800,0.1,RandSplitForest,no,2.273088166072518
800,0.1,RandSplitForest,no,2.1235168889003533
800,0.1,RandSplitForest,no,2.5713680018803684
800,0.1,RandSplitForest,no,3.3903750277077536
800,0.1,RandSplitForest,no,2.2224026138075095
800,0.1,RandSplitForest,no,2.382362862252349
800,0.1,RandSplitForest,no,2.7078225077261715
800,0.1,RandSplitForest,no,2.789054901817737
800,0.1,RandSplitForest,no,3.5732291424346587
800,0.1,RandSplitForest,no,2.6847939972398267
800,0.1,RandSplitForest,no,2.9830695310797597
800,0.1,RandSplitForest,no,2.60872658870543
800,0.1,RandSplitForest,no,2.5127518472313803
800,0.1,RandSplitForest,no,2.5738010641959255
800,0.1,RandSplitForest,no,3.159348761095194
800,0.1,RandSplitForest,no,2.341432382566425
800,0.1,RandSplitForest,no,2.198407988236194
800,0.1,RandSplitForest,no,2.526491956831353
800,0.1,RandSplitForest,no,2.6923003998156254
800,0.1,RandSplitForest,no,2.0856500223414955
800,0.1,RandSplitForest,no,2.540552089227412
800,0.1,RandSplitForest,no,2.1908726509893244
800,0.1,RandSplitForest,no,2.574416866447796
800,0.1,RandSplitForest,no,2.7110191092361964
800,0.1,RandSplitForest,no,2.6365685317824172
800,0.1,RandSplitForest,no,2.218653435318204
800,0.1,RandSplitForest,no,2.3809474516450355
800,0.1,RandSplitForest,no,2.7199288122967276
800,0.1,RandSplitForest,no,2.4551015065975705
800,0.1,RandSplitForest,no,2.9062684894276085
800,0.1,RandSplitForest,no,2.853514904155539
800,0.1,RandSplitForest,no,2.3271242853483085
800,0.1,RandSplitForest,no,2.361444538589733
800,0.1,RandSplitForest,no,2.2521645165960953
800,0.1,RandSplitForest,no,1.9660884428756031
800,0.1,RandSplitForest,no,2.1495974454763127
800,0.1,RandSplitForest,no,2.2560817001540383
800,0.1,RandSplitForest,no,2.661074495882089
800,0.1,RandSplitForest,no,2.7806773405481953
800,0.1,RandSplitForest,no,2.5379372585676383
800,0.1,RandSplitForest,no,2.4870030176352516
800,0.1,RandSplitForest,no,2.679248791052336
800,0.1,RandSplitForest,no,2.76335002750184
800,0.1,RandSplitForest,no,2.719730040546613
800,0.1,RandSplitForest,no,2.199471502682905
800,0.1,RandSplitForest,no,2.21713732796734
800,0.1,RandSplitForest,no,2.5318312071324782
800,0.1,RandSplitForest,no,2.7334936319318537
800,0.1,RandSplitForest,no,2.495725312457318
800,0.1,RandForest,no,1.5725672760870786
800,0.1,RandForest,no,1.7316811429353252
800,0.1,RandForest,no,1.5081685411179642
800,0.1,RandForest,no,2.0115445604305635
800,0.1,RandForest,no,2.3814904248730326
800,0.1,RandForest,no,1.608766549175098
800,0.1,RandForest,no,1.9898442583904898
800,0.1,RandForest,no,2.395684940656904
800,0.1,RandForest,no,2.160739663338756
800,0.1,RandForest,no,2.4939109767338405
800,0.1,RandForest,no,2.2287719386979488
800,0.1,RandForest,no,2.1326068679839807
800,0.1,RandForest,no,1.8043674947937487
800,0.1,RandForest,no,1.9312927002382136
800,0.1,RandForest,no,1.8386268869994555
800,0.1,RandForest,no,2.0783431156001484
800,0.1,RandForest,no,1.9493172351976473
800,0.1,RandForest,no,1.6976952448610323
800,0.1,RandForest,no,1.8788858763831795
800,0.1,RandForest,no,1.835079683036074
800,0.1,RandForest,no,1.6361822472316923
800,0.1,RandForest,no,1.9664343723668105
800,0.1,RandForest,no,1.732228282706066
800,0.1,RandForest,no,2.051481136530597
800,0.1,RandForest,no,2.008748522089335
800,0.1,RandForest,no,2.143354218773396
800,0.1,RandForest,no,1.6498547218919115
800,0.1,RandForest,no,2.045848430109664
800,0.1,RandForest,no,2.1689583258633958
800,0.1,RandForest,no,1.788047937474365
800,0.1,RandForest,no,2.070015288505084
800,0.1,RandForest,no,2.2704034711907557
800,0.1,RandForest,no,1.9487105251157244
800,0.1,RandForest,no,1.9047503153370922
800,0.1,RandForest,no,1.81066095229988
800,0.1,RandForest,no,1.6326425879675228
800,0.1,RandForest,no,1.6716110843125702
800,0.1,RandForest,no,1.3529403133378546
800,0.1,RandForest,no,2.0283872609243296
800,0.1,RandForest,no,2.157710645890458
800,0.1,RandForest,no,1.6988655768217953
800,0.1,RandForest,no,1.9375268594458872
800,0.1,RandForest,no,1.9350429318978417
800,0.1,RandForest,no,2.0001422305138266
800,0.1,RandForest,no,1.8245943193447858
800,0.1,RandForest,no,1.7603640949631212
800,0.1,RandForest,no,1.736966722346955
800,0.1,RandForest,no,3.7993796987500943
800,0.1,RandForest,no,2.0119710101125454
800,0.1,RandForest,no,1.9409620116104724
